2025/11/13 13:59:48 [notice] 1#1: using the "epoll" event method
2025/11/13 13:59:48 [notice] 1#1: nginx/1.24.0
2025/11/13 13:59:48 [notice] 1#1: built by gcc 12.2.1 20220924 (Alpine 12.2.1_git20220924-r4) 
2025/11/13 13:59:48 [notice] 1#1: OS: Linux 3.10.0-1160.el7.x86_64
2025/11/13 13:59:48 [notice] 1#1: getrlimit(RLIMIT_NOFILE): 1048576:1048576
2025/11/13 13:59:48 [notice] 1#1: start worker processes
2025/11/13 13:59:48 [notice] 1#1: start worker process 29
2025/11/13 13:59:48 [notice] 1#1: start worker process 30
2025/11/13 13:59:48 [notice] 1#1: start worker process 31
2025/11/13 13:59:48 [notice] 1#1: start worker process 32
2025/11/13 14:11:50 [error] 29#29: *1 open() "/usr/share/nginx/html/favicon.ico" failed (2: No such file or directory), client: 192.168.200.1, server: localhost, request: "GET /favicon.ico HTTP/1.1", host: "192.168.200.143", referrer: "http://192.168.200.143/"
2025/11/13 14:11:50 [error] 29#29: *1 open() "/usr/share/nginx/html/404.html" failed (2: No such file or directory), client: 192.168.200.1, server: localhost, request: "GET /favicon.ico HTTP/1.1", host: "192.168.200.143", referrer: "http://192.168.200.143/"
2025/11/13 14:29:54 [notice] 1#1: signal 3 (SIGQUIT) received, shutting down
2025/11/13 14:29:54 [notice] 31#31: gracefully shutting down
2025/11/13 14:29:54 [notice] 29#29: gracefully shutting down
2025/11/13 14:29:54 [notice] 32#32: gracefully shutting down
2025/11/13 14:29:54 [notice] 29#29: exiting
2025/11/13 14:29:54 [notice] 31#31: exiting
2025/11/13 14:29:54 [notice] 32#32: exiting
2025/11/13 14:29:54 [notice] 32#32: exit
2025/11/13 14:29:54 [notice] 29#29: exit
2025/11/13 14:29:54 [notice] 31#31: exit
2025/11/13 14:29:54 [notice] 30#30: gracefully shutting down
2025/11/13 14:29:54 [notice] 30#30: exiting
2025/11/13 14:29:54 [notice] 30#30: exit
2025/11/13 14:29:54 [notice] 1#1: signal 17 (SIGCHLD) received from 29
2025/11/13 14:29:54 [notice] 1#1: worker process 29 exited with code 0
2025/11/13 14:29:54 [notice] 1#1: signal 29 (SIGIO) received
2025/11/13 14:29:54 [notice] 1#1: signal 17 (SIGCHLD) received from 32
2025/11/13 14:29:54 [notice] 1#1: worker process 30 exited with code 0
2025/11/13 14:29:54 [notice] 1#1: worker process 31 exited with code 0
2025/11/13 14:29:54 [notice] 1#1: worker process 32 exited with code 0
2025/11/13 14:29:54 [notice] 1#1: exit
2025/11/13 14:34:46 [notice] 1#1: using the "epoll" event method
2025/11/13 14:34:46 [notice] 1#1: nginx/1.24.0
2025/11/13 14:34:46 [notice] 1#1: built by gcc 12.2.1 20220924 (Alpine 12.2.1_git20220924-r4) 
2025/11/13 14:34:46 [notice] 1#1: OS: Linux 3.10.0-1160.el7.x86_64
2025/11/13 14:34:46 [notice] 1#1: getrlimit(RLIMIT_NOFILE): 1048576:1048576
2025/11/13 14:34:46 [notice] 1#1: start worker processes
2025/11/13 14:34:46 [notice] 1#1: start worker process 29
2025/11/13 14:34:46 [notice] 1#1: start worker process 30
2025/11/13 14:34:46 [notice] 1#1: start worker process 31
2025/11/13 14:34:46 [notice] 1#1: start worker process 32
2025/11/13 14:35:08 [notice] 1#1: signal 3 (SIGQUIT) received, shutting down
2025/11/13 14:35:08 [notice] 30#30: gracefully shutting down
2025/11/13 14:35:08 [notice] 30#30: exiting
2025/11/13 14:35:08 [notice] 30#30: exit
2025/11/13 14:35:08 [notice] 29#29: gracefully shutting down
2025/11/13 14:35:08 [notice] 29#29: exiting
2025/11/13 14:35:08 [notice] 29#29: exit
2025/11/13 14:35:08 [notice] 31#31: gracefully shutting down
2025/11/13 14:35:08 [notice] 31#31: exiting
2025/11/13 14:35:08 [notice] 31#31: exit
2025/11/13 14:35:08 [notice] 32#32: gracefully shutting down
2025/11/13 14:35:08 [notice] 32#32: exiting
2025/11/13 14:35:08 [notice] 32#32: exit
2025/11/13 14:35:08 [notice] 1#1: signal 17 (SIGCHLD) received from 30
2025/11/13 14:35:08 [notice] 1#1: worker process 30 exited with code 0
2025/11/13 14:35:08 [notice] 1#1: worker process 31 exited with code 0
2025/11/13 14:35:08 [notice] 1#1: worker process 32 exited with code 0
2025/11/13 14:35:08 [notice] 1#1: signal 29 (SIGIO) received
2025/11/13 14:35:08 [notice] 1#1: signal 17 (SIGCHLD) received from 31
2025/11/13 14:35:08 [notice] 1#1: signal 17 (SIGCHLD) received from 29
2025/11/13 14:35:08 [notice] 1#1: worker process 29 exited with code 0
2025/11/13 14:35:08 [notice] 1#1: exit
2025/11/13 14:37:11 [notice] 1#1: using the "epoll" event method
2025/11/13 14:37:11 [notice] 1#1: nginx/1.24.0
2025/11/13 14:37:11 [notice] 1#1: built by gcc 12.2.1 20220924 (Alpine 12.2.1_git20220924-r4) 
2025/11/13 14:37:11 [notice] 1#1: OS: Linux 3.10.0-1160.el7.x86_64
2025/11/13 14:37:11 [notice] 1#1: getrlimit(RLIMIT_NOFILE): 1048576:1048576
2025/11/13 14:37:11 [notice] 1#1: start worker processes
2025/11/13 14:37:11 [notice] 1#1: start worker process 29
2025/11/13 14:37:11 [notice] 1#1: start worker process 30
2025/11/13 14:37:11 [notice] 1#1: start worker process 31
2025/11/13 14:37:11 [notice] 1#1: start worker process 32
2025/11/13 14:42:43 [notice] 1#1: signal 3 (SIGQUIT) received, shutting down
2025/11/13 14:42:43 [notice] 29#29: gracefully shutting down
2025/11/13 14:42:43 [notice] 29#29: exiting
2025/11/13 14:42:43 [notice] 29#29: exit
2025/11/13 14:42:43 [notice] 30#30: gracefully shutting down
2025/11/13 14:42:43 [notice] 32#32: gracefully shutting down
2025/11/13 14:42:43 [notice] 30#30: exiting
2025/11/13 14:42:43 [notice] 32#32: exiting
2025/11/13 14:42:43 [notice] 30#30: exit
2025/11/13 14:42:43 [notice] 32#32: exit
2025/11/13 14:42:43 [notice] 31#31: gracefully shutting down
2025/11/13 14:42:43 [notice] 31#31: exiting
2025/11/13 14:42:43 [notice] 31#31: exit
2025/11/13 14:42:43 [notice] 1#1: signal 17 (SIGCHLD) received from 31
2025/11/13 14:42:43 [notice] 1#1: worker process 29 exited with code 0
2025/11/13 14:42:43 [notice] 1#1: worker process 30 exited with code 0
2025/11/13 14:42:43 [notice] 1#1: worker process 31 exited with code 0
2025/11/13 14:42:43 [notice] 1#1: signal 17 (SIGCHLD) received from 29
2025/11/13 14:42:43 [notice] 1#1: worker process 32 exited with code 0
2025/11/13 14:42:43 [notice] 1#1: exit
2025/11/13 14:43:17 [notice] 1#1: using the "epoll" event method
2025/11/13 14:43:17 [notice] 1#1: nginx/1.24.0
2025/11/13 14:43:17 [notice] 1#1: built by gcc 12.2.1 20220924 (Alpine 12.2.1_git20220924-r4) 
2025/11/13 14:43:17 [notice] 1#1: OS: Linux 3.10.0-1160.el7.x86_64
2025/11/13 14:43:17 [notice] 1#1: getrlimit(RLIMIT_NOFILE): 1048576:1048576
2025/11/13 14:43:17 [notice] 1#1: start worker processes
2025/11/13 14:43:17 [notice] 1#1: start worker process 29
2025/11/13 14:43:17 [notice] 1#1: start worker process 30
2025/11/13 14:43:17 [notice] 1#1: start worker process 31
2025/11/13 14:43:17 [notice] 1#1: start worker process 32
2025/11/13 14:51:16 [notice] 1#1: signal 3 (SIGQUIT) received, shutting down
2025/11/13 14:51:16 [notice] 29#29: gracefully shutting down
2025/11/13 14:51:16 [notice] 30#30: gracefully shutting down
2025/11/13 14:51:16 [notice] 31#31: gracefully shutting down
2025/11/13 14:51:16 [notice] 29#29: exiting
2025/11/13 14:51:16 [notice] 31#31: exiting
2025/11/13 14:51:16 [notice] 30#30: exiting
2025/11/13 14:51:16 [notice] 29#29: exit
2025/11/13 14:51:16 [notice] 31#31: exit
2025/11/13 14:51:16 [notice] 30#30: exit
2025/11/13 14:51:16 [notice] 32#32: gracefully shutting down
2025/11/13 14:51:16 [notice] 32#32: exiting
2025/11/13 14:51:16 [notice] 32#32: exit
2025/11/13 14:51:16 [notice] 1#1: signal 17 (SIGCHLD) received from 29
2025/11/13 14:51:16 [notice] 1#1: worker process 29 exited with code 0
2025/11/13 14:51:16 [notice] 1#1: worker process 32 exited with code 0
2025/11/13 14:51:16 [notice] 1#1: signal 29 (SIGIO) received
2025/11/13 14:51:16 [notice] 1#1: signal 17 (SIGCHLD) received from 30
2025/11/13 14:51:16 [notice] 1#1: worker process 30 exited with code 0
2025/11/13 14:51:16 [notice] 1#1: signal 29 (SIGIO) received
2025/11/13 14:51:16 [notice] 1#1: signal 17 (SIGCHLD) received from 31
2025/11/13 14:51:16 [notice] 1#1: worker process 31 exited with code 0
2025/11/13 14:51:16 [notice] 1#1: exit
2025/11/13 14:51:53 [notice] 1#1: using the "epoll" event method
2025/11/13 14:51:53 [notice] 1#1: nginx/1.24.0
2025/11/13 14:51:53 [notice] 1#1: built by gcc 12.2.1 20220924 (Alpine 12.2.1_git20220924-r4) 
2025/11/13 14:51:53 [notice] 1#1: OS: Linux 3.10.0-1160.el7.x86_64
2025/11/13 14:51:53 [notice] 1#1: getrlimit(RLIMIT_NOFILE): 1048576:1048576
2025/11/13 14:51:53 [notice] 1#1: start worker processes
2025/11/13 14:51:53 [notice] 1#1: start worker process 29
2025/11/13 14:51:53 [notice] 1#1: start worker process 30
2025/11/13 14:51:53 [notice] 1#1: start worker process 31
2025/11/13 14:51:53 [notice] 1#1: start worker process 32
2025/11/13 15:04:46 [notice] 1#1: signal 3 (SIGQUIT) received, shutting down
2025/11/13 15:04:46 [notice] 30#30: gracefully shutting down
2025/11/13 15:04:46 [notice] 30#30: exiting
2025/11/13 15:04:46 [notice] 30#30: exit
2025/11/13 15:04:46 [notice] 31#31: gracefully shutting down
2025/11/13 15:04:46 [notice] 31#31: exiting
2025/11/13 15:04:46 [notice] 31#31: exit
2025/11/13 15:04:46 [notice] 29#29: gracefully shutting down
2025/11/13 15:04:46 [notice] 29#29: exiting
2025/11/13 15:04:46 [notice] 32#32: gracefully shutting down
2025/11/13 15:04:46 [notice] 29#29: exit
2025/11/13 15:04:46 [notice] 32#32: exiting
2025/11/13 15:04:46 [notice] 32#32: exit
2025/11/13 15:04:46 [notice] 1#1: signal 17 (SIGCHLD) received from 30
2025/11/13 15:04:46 [notice] 1#1: worker process 29 exited with code 0
2025/11/13 15:04:46 [notice] 1#1: worker process 30 exited with code 0
2025/11/13 15:04:46 [notice] 1#1: worker process 31 exited with code 0
2025/11/13 15:04:46 [notice] 1#1: signal 29 (SIGIO) received
2025/11/13 15:04:46 [notice] 1#1: signal 17 (SIGCHLD) received from 32
2025/11/13 15:04:46 [notice] 1#1: worker process 32 exited with code 0
2025/11/13 15:04:46 [notice] 1#1: exit
2025/11/13 15:05:19 [notice] 1#1: using the "epoll" event method
2025/11/13 15:05:19 [notice] 1#1: nginx/1.24.0
2025/11/13 15:05:19 [notice] 1#1: built by gcc 12.2.1 20220924 (Alpine 12.2.1_git20220924-r4) 
2025/11/13 15:05:19 [notice] 1#1: OS: Linux 3.10.0-1160.el7.x86_64
2025/11/13 15:05:19 [notice] 1#1: getrlimit(RLIMIT_NOFILE): 1048576:1048576
2025/11/13 15:05:19 [notice] 1#1: start worker processes
2025/11/13 15:05:19 [notice] 1#1: start worker process 29
2025/11/13 15:05:19 [notice] 1#1: start worker process 30
2025/11/13 15:05:19 [notice] 1#1: start worker process 31
2025/11/13 15:05:19 [notice] 1#1: start worker process 32
2025/11/13 15:21:40 [error] 29#29: *1 open() "/usr/share/nginx/html/favicon.ico" failed (2: No such file or directory), client: 192.168.200.1, server: localhost, request: "GET /favicon.ico HTTP/1.1", host: "192.168.200.143", referrer: "http://192.168.200.143/"
2025/11/13 15:21:40 [error] 29#29: *1 open() "/usr/share/nginx/html/404.html" failed (2: No such file or directory), client: 192.168.200.1, server: localhost, request: "GET /favicon.ico HTTP/1.1", host: "192.168.200.143", referrer: "http://192.168.200.143/"
2025/11/13 15:30:54 [notice] 1#1: signal 3 (SIGQUIT) received, shutting down
2025/11/13 15:30:54 [notice] 29#29: gracefully shutting down
2025/11/13 15:30:54 [notice] 32#32: gracefully shutting down
2025/11/13 15:30:54 [notice] 29#29: exiting
2025/11/13 15:30:54 [notice] 32#32: exiting
2025/11/13 15:30:54 [notice] 30#30: gracefully shutting down
2025/11/13 15:30:54 [notice] 29#29: exit
2025/11/13 15:30:54 [notice] 32#32: exit
2025/11/13 15:30:54 [notice] 30#30: exiting
2025/11/13 15:30:54 [notice] 30#30: exit
2025/11/13 15:30:54 [notice] 31#31: gracefully shutting down
2025/11/13 15:30:54 [notice] 31#31: exiting
2025/11/13 15:30:54 [notice] 31#31: exit
2025/11/13 15:30:54 [notice] 1#1: signal 17 (SIGCHLD) received from 32
2025/11/13 15:30:54 [notice] 1#1: worker process 31 exited with code 0
2025/11/13 15:30:54 [notice] 1#1: worker process 32 exited with code 0
2025/11/13 15:30:54 [notice] 1#1: signal 29 (SIGIO) received
2025/11/13 15:30:54 [notice] 1#1: signal 17 (SIGCHLD) received from 31
2025/11/13 15:30:54 [notice] 1#1: signal 17 (SIGCHLD) received from 30
2025/11/13 15:30:54 [notice] 1#1: worker process 29 exited with code 0
2025/11/13 15:30:54 [notice] 1#1: worker process 30 exited with code 0
2025/11/13 15:30:54 [notice] 1#1: exit
2025/11/13 15:31:41 [notice] 1#1: using the "epoll" event method
2025/11/13 15:31:41 [notice] 1#1: nginx/1.24.0
2025/11/13 15:31:41 [notice] 1#1: built by gcc 12.2.1 20220924 (Alpine 12.2.1_git20220924-r4) 
2025/11/13 15:31:41 [notice] 1#1: OS: Linux 3.10.0-1160.el7.x86_64
2025/11/13 15:31:41 [notice] 1#1: getrlimit(RLIMIT_NOFILE): 1048576:1048576
2025/11/13 15:31:41 [notice] 1#1: start worker processes
2025/11/13 15:31:41 [notice] 1#1: start worker process 29
2025/11/13 15:31:41 [notice] 1#1: start worker process 30
2025/11/13 15:31:41 [notice] 1#1: start worker process 31
2025/11/13 15:31:41 [notice] 1#1: start worker process 32
2025/11/13 16:00:25 [notice] 1#1: signal 3 (SIGQUIT) received, shutting down
2025/11/13 16:00:25 [notice] 30#30: gracefully shutting down
2025/11/13 16:00:25 [notice] 31#31: gracefully shutting down
2025/11/13 16:00:25 [notice] 32#32: gracefully shutting down
2025/11/13 16:00:25 [notice] 31#31: exiting
2025/11/13 16:00:25 [notice] 30#30: exiting
2025/11/13 16:00:25 [notice] 32#32: exiting
2025/11/13 16:00:25 [notice] 30#30: exit
2025/11/13 16:00:25 [notice] 31#31: exit
2025/11/13 16:00:25 [notice] 32#32: exit
2025/11/13 16:00:25 [notice] 29#29: gracefully shutting down
2025/11/13 16:00:25 [notice] 29#29: exiting
2025/11/13 16:00:25 [notice] 29#29: exit
2025/11/13 16:00:25 [notice] 1#1: signal 17 (SIGCHLD) received from 31
2025/11/13 16:00:25 [notice] 1#1: worker process 29 exited with code 0
2025/11/13 16:00:25 [notice] 1#1: worker process 30 exited with code 0
2025/11/13 16:00:25 [notice] 1#1: worker process 31 exited with code 0
2025/11/13 16:00:25 [notice] 1#1: worker process 32 exited with code 0
2025/11/13 16:00:25 [notice] 1#1: exit
2025/11/13 16:01:05 [notice] 1#1: using the "epoll" event method
2025/11/13 16:01:05 [notice] 1#1: nginx/1.24.0
2025/11/13 16:01:05 [notice] 1#1: built by gcc 12.2.1 20220924 (Alpine 12.2.1_git20220924-r4) 
2025/11/13 16:01:05 [notice] 1#1: OS: Linux 3.10.0-1160.el7.x86_64
2025/11/13 16:01:05 [notice] 1#1: getrlimit(RLIMIT_NOFILE): 1048576:1048576
2025/11/13 16:01:05 [notice] 1#1: start worker processes
2025/11/13 16:01:05 [notice] 1#1: start worker process 28
2025/11/13 16:01:05 [notice] 1#1: start worker process 29
2025/11/13 16:01:05 [notice] 1#1: start worker process 30
2025/11/13 16:01:05 [notice] 1#1: start worker process 31
2025/11/13 16:05:53 [notice] 1#1: signal 3 (SIGQUIT) received, shutting down
2025/11/13 16:05:53 [notice] 29#29: gracefully shutting down
2025/11/13 16:05:53 [notice] 30#30: gracefully shutting down
2025/11/13 16:05:53 [notice] 30#30: exiting
2025/11/13 16:05:53 [notice] 29#29: exiting
2025/11/13 16:05:53 [notice] 30#30: exit
2025/11/13 16:05:53 [notice] 29#29: exit
2025/11/13 16:05:53 [notice] 31#31: gracefully shutting down
2025/11/13 16:05:53 [notice] 31#31: exiting
2025/11/13 16:05:53 [notice] 31#31: exit
2025/11/13 16:05:53 [notice] 28#28: gracefully shutting down
2025/11/13 16:05:53 [notice] 28#28: exiting
2025/11/13 16:05:53 [notice] 28#28: exit
2025/11/13 16:05:53 [notice] 1#1: signal 17 (SIGCHLD) received from 31
2025/11/13 16:05:53 [notice] 1#1: worker process 31 exited with code 0
2025/11/13 16:05:53 [notice] 1#1: signal 29 (SIGIO) received
2025/11/13 16:05:53 [notice] 1#1: signal 17 (SIGCHLD) received from 29
2025/11/13 16:05:53 [notice] 1#1: worker process 29 exited with code 0
2025/11/13 16:05:53 [notice] 1#1: worker process 30 exited with code 0
2025/11/13 16:05:53 [notice] 1#1: signal 29 (SIGIO) received
2025/11/13 16:05:53 [notice] 1#1: signal 17 (SIGCHLD) received from 30
2025/11/13 16:05:53 [notice] 1#1: signal 17 (SIGCHLD) received from 28
2025/11/13 16:05:53 [notice] 1#1: worker process 28 exited with code 0
2025/11/13 16:05:53 [notice] 1#1: exit
2025/11/13 16:06:23 [notice] 1#1: using the "epoll" event method
2025/11/13 16:06:23 [notice] 1#1: nginx/1.24.0
2025/11/13 16:06:23 [notice] 1#1: built by gcc 12.2.1 20220924 (Alpine 12.2.1_git20220924-r4) 
2025/11/13 16:06:23 [notice] 1#1: OS: Linux 3.10.0-1160.el7.x86_64
2025/11/13 16:06:23 [notice] 1#1: getrlimit(RLIMIT_NOFILE): 1048576:1048576
2025/11/13 16:06:23 [notice] 1#1: start worker processes
2025/11/13 16:06:23 [notice] 1#1: start worker process 29
2025/11/13 16:06:23 [notice] 1#1: start worker process 30
2025/11/13 16:06:23 [notice] 1#1: start worker process 31
2025/11/13 16:06:23 [notice] 1#1: start worker process 32
2025/11/13 16:10:19 [notice] 1#1: signal 3 (SIGQUIT) received, shutting down
2025/11/13 16:10:19 [notice] 29#29: gracefully shutting down
2025/11/13 16:10:19 [notice] 30#30: gracefully shutting down
2025/11/13 16:10:19 [notice] 30#30: exiting
2025/11/13 16:10:19 [notice] 29#29: exiting
2025/11/13 16:10:19 [notice] 30#30: exit
2025/11/13 16:10:19 [notice] 29#29: exit
2025/11/13 16:10:19 [notice] 31#31: gracefully shutting down
2025/11/13 16:10:19 [notice] 31#31: exiting
2025/11/13 16:10:19 [notice] 31#31: exit
2025/11/13 16:10:19 [notice] 32#32: gracefully shutting down
2025/11/13 16:10:19 [notice] 32#32: exiting
2025/11/13 16:10:19 [notice] 32#32: exit
2025/11/13 16:10:19 [notice] 1#1: signal 17 (SIGCHLD) received from 29
2025/11/13 16:10:19 [notice] 1#1: worker process 29 exited with code 0
2025/11/13 16:10:19 [notice] 1#1: signal 29 (SIGIO) received
2025/11/13 16:10:19 [notice] 1#1: signal 17 (SIGCHLD) received from 32
2025/11/13 16:10:19 [notice] 1#1: worker process 30 exited with code 0
2025/11/13 16:10:19 [notice] 1#1: worker process 32 exited with code 0
2025/11/13 16:10:19 [notice] 1#1: signal 29 (SIGIO) received
2025/11/13 16:10:19 [notice] 1#1: signal 17 (SIGCHLD) received from 30
2025/11/13 16:10:19 [notice] 1#1: signal 17 (SIGCHLD) received from 31
2025/11/13 16:10:19 [notice] 1#1: worker process 31 exited with code 0
2025/11/13 16:10:19 [notice] 1#1: exit
2025/11/13 16:10:51 [notice] 1#1: using the "epoll" event method
2025/11/13 16:10:51 [notice] 1#1: nginx/1.24.0
2025/11/13 16:10:51 [notice] 1#1: built by gcc 12.2.1 20220924 (Alpine 12.2.1_git20220924-r4) 
2025/11/13 16:10:51 [notice] 1#1: OS: Linux 3.10.0-1160.el7.x86_64
2025/11/13 16:10:51 [notice] 1#1: getrlimit(RLIMIT_NOFILE): 1048576:1048576
2025/11/13 16:10:51 [notice] 1#1: start worker processes
2025/11/13 16:10:51 [notice] 1#1: start worker process 29
2025/11/13 16:10:51 [notice] 1#1: start worker process 30
2025/11/13 16:10:51 [notice] 1#1: start worker process 31
2025/11/13 16:10:51 [notice] 1#1: start worker process 32
2025/11/13 16:12:10 [notice] 1#1: signal 3 (SIGQUIT) received, shutting down
2025/11/13 16:12:10 [notice] 30#30: gracefully shutting down
2025/11/13 16:12:10 [notice] 32#32: gracefully shutting down
2025/11/13 16:12:10 [notice] 30#30: exiting
2025/11/13 16:12:10 [notice] 32#32: exiting
2025/11/13 16:12:10 [notice] 32#32: exit
2025/11/13 16:12:10 [notice] 30#30: exit
2025/11/13 16:12:10 [notice] 31#31: gracefully shutting down
2025/11/13 16:12:10 [notice] 31#31: exiting
2025/11/13 16:12:10 [notice] 31#31: exit
2025/11/13 16:12:10 [notice] 29#29: gracefully shutting down
2025/11/13 16:12:10 [notice] 29#29: exiting
2025/11/13 16:12:10 [notice] 29#29: exit
2025/11/13 16:12:10 [notice] 1#1: signal 17 (SIGCHLD) received from 30
2025/11/13 16:12:10 [notice] 1#1: worker process 30 exited with code 0
2025/11/13 16:12:10 [notice] 1#1: worker process 31 exited with code 0
2025/11/13 16:12:10 [notice] 1#1: signal 29 (SIGIO) received
2025/11/13 16:12:10 [notice] 1#1: signal 17 (SIGCHLD) received from 29
2025/11/13 16:12:10 [notice] 1#1: worker process 29 exited with code 0
2025/11/13 16:12:10 [notice] 1#1: signal 29 (SIGIO) received
2025/11/13 16:12:10 [notice] 1#1: signal 17 (SIGCHLD) received from 32
2025/11/13 16:12:10 [notice] 1#1: worker process 32 exited with code 0
2025/11/13 16:12:10 [notice] 1#1: exit
2025/11/13 16:13:13 [notice] 1#1: using the "epoll" event method
2025/11/13 16:13:13 [notice] 1#1: nginx/1.24.0
2025/11/13 16:13:13 [notice] 1#1: built by gcc 12.2.1 20220924 (Alpine 12.2.1_git20220924-r4) 
2025/11/13 16:13:13 [notice] 1#1: OS: Linux 3.10.0-1160.el7.x86_64
2025/11/13 16:13:13 [notice] 1#1: getrlimit(RLIMIT_NOFILE): 1048576:1048576
2025/11/13 16:13:13 [notice] 1#1: start worker processes
2025/11/13 16:13:13 [notice] 1#1: start worker process 29
2025/11/13 16:13:13 [notice] 1#1: start worker process 30
2025/11/13 16:13:13 [notice] 1#1: start worker process 31
2025/11/13 16:13:13 [notice] 1#1: start worker process 32
2025/11/13 16:22:46 [notice] 1#1: signal 3 (SIGQUIT) received, shutting down
2025/11/13 16:22:46 [notice] 32#32: gracefully shutting down
2025/11/13 16:22:46 [notice] 30#30: gracefully shutting down
2025/11/13 16:22:46 [notice] 30#30: exiting
2025/11/13 16:22:46 [notice] 32#32: exiting
2025/11/13 16:22:46 [notice] 32#32: exit
2025/11/13 16:22:46 [notice] 30#30: exit
2025/11/13 16:22:46 [notice] 29#29: gracefully shutting down
2025/11/13 16:22:46 [notice] 29#29: exiting
2025/11/13 16:22:46 [notice] 29#29: exit
2025/11/13 16:22:46 [notice] 31#31: gracefully shutting down
2025/11/13 16:22:46 [notice] 31#31: exiting
2025/11/13 16:22:46 [notice] 31#31: exit
2025/11/13 16:22:46 [notice] 1#1: signal 17 (SIGCHLD) received from 29
2025/11/13 16:22:46 [notice] 1#1: worker process 29 exited with code 0
2025/11/13 16:22:46 [notice] 1#1: worker process 30 exited with code 0
2025/11/13 16:22:46 [notice] 1#1: signal 29 (SIGIO) received
2025/11/13 16:22:46 [notice] 1#1: signal 17 (SIGCHLD) received from 30
2025/11/13 16:22:46 [notice] 1#1: signal 17 (SIGCHLD) received from 32
2025/11/13 16:22:46 [notice] 1#1: worker process 31 exited with code 0
2025/11/13 16:22:46 [notice] 1#1: worker process 32 exited with code 0
2025/11/13 16:22:46 [notice] 1#1: exit
2025/11/13 16:23:22 [notice] 1#1: using the "epoll" event method
2025/11/13 16:23:22 [notice] 1#1: nginx/1.24.0
2025/11/13 16:23:22 [notice] 1#1: built by gcc 12.2.1 20220924 (Alpine 12.2.1_git20220924-r4) 
2025/11/13 16:23:22 [notice] 1#1: OS: Linux 3.10.0-1160.el7.x86_64
2025/11/13 16:23:22 [notice] 1#1: getrlimit(RLIMIT_NOFILE): 1048576:1048576
2025/11/13 16:23:22 [notice] 1#1: start worker processes
2025/11/13 16:23:22 [notice] 1#1: start worker process 29
2025/11/13 16:23:22 [notice] 1#1: start worker process 30
2025/11/13 16:23:22 [notice] 1#1: start worker process 31
2025/11/13 16:23:22 [notice] 1#1: start worker process 32
2025/11/13 16:25:22 [notice] 1#1: signal 3 (SIGQUIT) received, shutting down
2025/11/13 16:25:22 [notice] 32#32: gracefully shutting down
2025/11/13 16:25:22 [notice] 30#30: gracefully shutting down
2025/11/13 16:25:22 [notice] 30#30: exiting
2025/11/13 16:25:22 [notice] 32#32: exiting
2025/11/13 16:25:22 [notice] 30#30: exit
2025/11/13 16:25:22 [notice] 32#32: exit
2025/11/13 16:25:22 [notice] 29#29: gracefully shutting down
2025/11/13 16:25:22 [notice] 29#29: exiting
2025/11/13 16:25:22 [notice] 29#29: exit
2025/11/13 16:25:22 [notice] 31#31: gracefully shutting down
2025/11/13 16:25:22 [notice] 31#31: exiting
2025/11/13 16:25:22 [notice] 31#31: exit
2025/11/13 16:25:22 [notice] 1#1: signal 17 (SIGCHLD) received from 31
2025/11/13 16:25:22 [notice] 1#1: worker process 31 exited with code 0
2025/11/13 16:25:22 [notice] 1#1: worker process 32 exited with code 0
2025/11/13 16:25:22 [notice] 1#1: signal 29 (SIGIO) received
2025/11/13 16:25:22 [notice] 1#1: signal 17 (SIGCHLD) received from 29
2025/11/13 16:25:22 [notice] 1#1: worker process 29 exited with code 0
2025/11/13 16:25:22 [notice] 1#1: worker process 30 exited with code 0
2025/11/13 16:25:22 [notice] 1#1: exit
2025/11/13 16:47:51 [notice] 1#1: using the "epoll" event method
2025/11/13 16:47:51 [notice] 1#1: nginx/1.24.0
2025/11/13 16:47:51 [notice] 1#1: built by gcc 12.2.1 20220924 (Alpine 12.2.1_git20220924-r4) 
2025/11/13 16:47:51 [notice] 1#1: OS: Linux 3.10.0-1160.el7.x86_64
2025/11/13 16:47:51 [notice] 1#1: getrlimit(RLIMIT_NOFILE): 1048576:1048576
2025/11/13 16:47:51 [notice] 1#1: start worker processes
2025/11/13 16:47:51 [notice] 1#1: start worker process 29
2025/11/13 16:47:51 [notice] 1#1: start worker process 30
2025/11/13 16:47:51 [notice] 1#1: start worker process 31
2025/11/13 16:47:51 [notice] 1#1: start worker process 32
2025/11/13 16:50:05 [notice] 1#1: signal 3 (SIGQUIT) received, shutting down
2025/11/13 16:50:05 [notice] 30#30: gracefully shutting down
2025/11/13 16:50:05 [notice] 30#30: exiting
2025/11/13 16:50:05 [notice] 32#32: gracefully shutting down
2025/11/13 16:50:05 [notice] 30#30: exit
2025/11/13 16:50:05 [notice] 32#32: exiting
2025/11/13 16:50:05 [notice] 32#32: exit
2025/11/13 16:50:05 [notice] 31#31: gracefully shutting down
2025/11/13 16:50:05 [notice] 31#31: exiting
2025/11/13 16:50:05 [notice] 31#31: exit
2025/11/13 16:50:05 [notice] 29#29: gracefully shutting down
2025/11/13 16:50:05 [notice] 29#29: exiting
2025/11/13 16:50:05 [notice] 29#29: exit
2025/11/13 16:50:05 [notice] 1#1: signal 17 (SIGCHLD) received from 30
2025/11/13 16:50:05 [notice] 1#1: worker process 30 exited with code 0
2025/11/13 16:50:05 [notice] 1#1: worker process 31 exited with code 0
2025/11/13 16:50:05 [notice] 1#1: worker process 32 exited with code 0
2025/11/13 16:50:05 [notice] 1#1: signal 29 (SIGIO) received
2025/11/13 16:50:05 [notice] 1#1: signal 17 (SIGCHLD) received from 29
2025/11/13 16:50:05 [notice] 1#1: worker process 29 exited with code 0
2025/11/13 16:50:05 [notice] 1#1: exit
2025/11/13 16:50:37 [notice] 1#1: using the "epoll" event method
2025/11/13 16:50:37 [notice] 1#1: nginx/1.24.0
2025/11/13 16:50:37 [notice] 1#1: built by gcc 12.2.1 20220924 (Alpine 12.2.1_git20220924-r4) 
2025/11/13 16:50:37 [notice] 1#1: OS: Linux 3.10.0-1160.el7.x86_64
2025/11/13 16:50:37 [notice] 1#1: getrlimit(RLIMIT_NOFILE): 1048576:1048576
2025/11/13 16:50:37 [notice] 1#1: start worker processes
2025/11/13 16:50:37 [notice] 1#1: start worker process 29
2025/11/13 16:50:37 [notice] 1#1: start worker process 30
2025/11/13 16:50:37 [notice] 1#1: start worker process 31
2025/11/13 16:50:37 [notice] 1#1: start worker process 32
2025/11/13 16:51:49 [notice] 1#1: signal 3 (SIGQUIT) received, shutting down
2025/11/13 16:51:49 [notice] 29#29: gracefully shutting down
2025/11/13 16:51:49 [notice] 29#29: exiting
2025/11/13 16:51:49 [notice] 31#31: gracefully shutting down
2025/11/13 16:51:49 [notice] 31#31: exiting
2025/11/13 16:51:49 [notice] 29#29: exit
2025/11/13 16:51:49 [notice] 31#31: exit
2025/11/13 16:51:49 [notice] 32#32: gracefully shutting down
2025/11/13 16:51:49 [notice] 32#32: exiting
2025/11/13 16:51:49 [notice] 32#32: exit
2025/11/13 16:51:49 [notice] 30#30: gracefully shutting down
2025/11/13 16:51:49 [notice] 30#30: exiting
2025/11/13 16:51:49 [notice] 30#30: exit
2025/11/13 16:51:49 [notice] 1#1: signal 17 (SIGCHLD) received from 29
2025/11/13 16:51:49 [notice] 1#1: worker process 29 exited with code 0
2025/11/13 16:51:49 [notice] 1#1: worker process 31 exited with code 0
2025/11/13 16:51:49 [notice] 1#1: signal 29 (SIGIO) received
2025/11/13 16:51:49 [notice] 1#1: signal 17 (SIGCHLD) received from 32
2025/11/13 16:51:49 [notice] 1#1: worker process 32 exited with code 0
2025/11/13 16:51:49 [notice] 1#1: signal 29 (SIGIO) received
2025/11/13 16:51:49 [notice] 1#1: signal 17 (SIGCHLD) received from 30
2025/11/13 16:51:49 [notice] 1#1: worker process 30 exited with code 0
2025/11/13 16:51:49 [notice] 1#1: exit
2025/11/14 06:58:18 [notice] 1#1: using the "epoll" event method
2025/11/14 06:58:18 [notice] 1#1: nginx/1.24.0
2025/11/14 06:58:18 [notice] 1#1: built by gcc 12.2.1 20220924 (Alpine 12.2.1_git20220924-r4) 
2025/11/14 06:58:18 [notice] 1#1: OS: Linux 3.10.0-1160.el7.x86_64
2025/11/14 06:58:18 [notice] 1#1: getrlimit(RLIMIT_NOFILE): 1048576:1048576
2025/11/14 06:58:18 [notice] 1#1: start worker processes
2025/11/14 06:58:18 [notice] 1#1: start worker process 29
2025/11/14 06:58:18 [notice] 1#1: start worker process 30
2025/11/14 06:58:18 [notice] 1#1: start worker process 31
2025/11/14 06:58:18 [notice] 1#1: start worker process 32
2025/11/14 07:11:19 [notice] 1#1: signal 3 (SIGQUIT) received, shutting down
2025/11/14 07:11:19 [notice] 30#30: gracefully shutting down
2025/11/14 07:11:19 [notice] 29#29: gracefully shutting down
2025/11/14 07:11:19 [notice] 30#30: exiting
2025/11/14 07:11:19 [notice] 29#29: exiting
2025/11/14 07:11:19 [notice] 30#30: exit
2025/11/14 07:11:19 [notice] 29#29: exit
2025/11/14 07:11:19 [notice] 31#31: gracefully shutting down
2025/11/14 07:11:19 [notice] 31#31: exiting
2025/11/14 07:11:19 [notice] 31#31: exit
2025/11/14 07:11:19 [notice] 32#32: gracefully shutting down
2025/11/14 07:11:19 [notice] 32#32: exiting
2025/11/14 07:11:19 [notice] 32#32: exit
2025/11/14 07:11:19 [notice] 1#1: signal 17 (SIGCHLD) received from 29
2025/11/14 07:11:19 [notice] 1#1: worker process 29 exited with code 0
2025/11/14 07:11:19 [notice] 1#1: signal 29 (SIGIO) received
2025/11/14 07:11:19 [notice] 1#1: signal 17 (SIGCHLD) received from 30
2025/11/14 07:11:19 [notice] 1#1: worker process 30 exited with code 0
2025/11/14 07:11:19 [notice] 1#1: signal 29 (SIGIO) received
2025/11/14 07:11:19 [notice] 1#1: signal 17 (SIGCHLD) received from 32
2025/11/14 07:11:19 [notice] 1#1: worker process 32 exited with code 0
2025/11/14 07:11:19 [notice] 1#1: worker process 31 exited with code 0
2025/11/14 07:11:19 [notice] 1#1: exit
2025/11/14 07:11:40 [notice] 1#1: using the "epoll" event method
2025/11/14 07:11:40 [notice] 1#1: nginx/1.24.0
2025/11/14 07:11:40 [notice] 1#1: built by gcc 12.2.1 20220924 (Alpine 12.2.1_git20220924-r4) 
2025/11/14 07:11:40 [notice] 1#1: OS: Linux 3.10.0-1160.el7.x86_64
2025/11/14 07:11:40 [notice] 1#1: getrlimit(RLIMIT_NOFILE): 1048576:1048576
2025/11/14 07:11:40 [notice] 1#1: start worker processes
2025/11/14 07:11:40 [notice] 1#1: start worker process 29
2025/11/14 07:11:40 [notice] 1#1: start worker process 30
2025/11/14 07:11:40 [notice] 1#1: start worker process 31
2025/11/14 07:11:40 [notice] 1#1: start worker process 32
2025/11/14 07:11:52 [error] 29#29: *1 open() "/usr/share/nginx/html/favicon.ico" failed (2: No such file or directory), client: 192.168.200.1, server: localhost, request: "GET /favicon.ico HTTP/1.1", host: "192.168.200.143", referrer: "http://192.168.200.143/"
2025/11/14 07:11:52 [error] 29#29: *1 open() "/usr/share/nginx/html/404.html" failed (2: No such file or directory), client: 192.168.200.1, server: localhost, request: "GET /favicon.ico HTTP/1.1", host: "192.168.200.143", referrer: "http://192.168.200.143/"
2025/11/14 07:13:18 [notice] 1#1: signal 3 (SIGQUIT) received, shutting down
2025/11/14 07:13:18 [notice] 29#29: gracefully shutting down
2025/11/14 07:13:18 [notice] 32#32: gracefully shutting down
2025/11/14 07:13:18 [notice] 31#31: gracefully shutting down
2025/11/14 07:13:18 [notice] 29#29: exiting
2025/11/14 07:13:18 [notice] 32#32: exiting
2025/11/14 07:13:18 [notice] 30#30: gracefully shutting down
2025/11/14 07:13:18 [notice] 31#31: exiting
2025/11/14 07:13:18 [notice] 30#30: exiting
2025/11/14 07:13:18 [notice] 31#31: exit
2025/11/14 07:13:18 [notice] 32#32: exit
2025/11/14 07:13:18 [notice] 29#29: exit
2025/11/14 07:13:18 [notice] 30#30: exit
2025/11/14 07:13:18 [notice] 1#1: signal 17 (SIGCHLD) received from 30
2025/11/14 07:13:18 [notice] 1#1: worker process 30 exited with code 0
2025/11/14 07:13:18 [notice] 1#1: worker process 31 exited with code 0
2025/11/14 07:13:18 [notice] 1#1: signal 29 (SIGIO) received
2025/11/14 07:13:18 [notice] 1#1: signal 17 (SIGCHLD) received from 32
2025/11/14 07:13:18 [notice] 1#1: worker process 32 exited with code 0
2025/11/14 07:13:18 [notice] 1#1: signal 29 (SIGIO) received
2025/11/14 07:13:18 [notice] 1#1: signal 17 (SIGCHLD) received from 29
2025/11/14 07:13:18 [notice] 1#1: worker process 29 exited with code 0
2025/11/14 07:13:18 [notice] 1#1: exit
2025/11/14 07:29:54 [notice] 1#1: using the "epoll" event method
2025/11/14 07:29:54 [notice] 1#1: nginx/1.24.0
2025/11/14 07:29:54 [notice] 1#1: built by gcc 12.2.1 20220924 (Alpine 12.2.1_git20220924-r4) 
2025/11/14 07:29:54 [notice] 1#1: OS: Linux 3.10.0-1160.el7.x86_64
2025/11/14 07:29:54 [notice] 1#1: getrlimit(RLIMIT_NOFILE): 1048576:1048576
2025/11/14 07:29:54 [notice] 1#1: start worker processes
2025/11/14 07:29:54 [notice] 1#1: start worker process 29
2025/11/14 07:29:54 [notice] 1#1: start worker process 30
2025/11/14 07:29:54 [notice] 1#1: start worker process 31
2025/11/14 07:29:54 [notice] 1#1: start worker process 32
2025/11/14 07:35:35 [notice] 1#1: signal 3 (SIGQUIT) received, shutting down
2025/11/14 07:35:35 [notice] 30#30: gracefully shutting down
2025/11/14 07:35:35 [notice] 31#31: gracefully shutting down
2025/11/14 07:35:35 [notice] 31#31: exiting
2025/11/14 07:35:35 [notice] 30#30: exiting
2025/11/14 07:35:35 [notice] 32#32: gracefully shutting down
2025/11/14 07:35:35 [notice] 30#30: exit
2025/11/14 07:35:35 [notice] 31#31: exit
2025/11/14 07:35:35 [notice] 32#32: exiting
2025/11/14 07:35:35 [notice] 32#32: exit
2025/11/14 07:35:35 [notice] 29#29: gracefully shutting down
2025/11/14 07:35:35 [notice] 29#29: exiting
2025/11/14 07:35:35 [notice] 29#29: exit
2025/11/14 07:35:35 [notice] 1#1: signal 17 (SIGCHLD) received from 32
2025/11/14 07:35:35 [notice] 1#1: worker process 32 exited with code 0
2025/11/14 07:35:35 [notice] 1#1: signal 29 (SIGIO) received
2025/11/14 07:35:35 [notice] 1#1: signal 17 (SIGCHLD) received from 30
2025/11/14 07:35:35 [notice] 1#1: worker process 29 exited with code 0
2025/11/14 07:35:35 [notice] 1#1: worker process 30 exited with code 0
2025/11/14 07:35:35 [notice] 1#1: worker process 31 exited with code 0
2025/11/14 07:35:35 [notice] 1#1: exit
2025/11/14 07:46:44 [notice] 1#1: using the "epoll" event method
2025/11/14 07:46:44 [notice] 1#1: nginx/1.24.0
2025/11/14 07:46:44 [notice] 1#1: built by gcc 12.2.1 20220924 (Alpine 12.2.1_git20220924-r4) 
2025/11/14 07:46:44 [notice] 1#1: OS: Linux 3.10.0-1160.el7.x86_64
2025/11/14 07:46:44 [notice] 1#1: getrlimit(RLIMIT_NOFILE): 1048576:1048576
2025/11/14 07:46:44 [notice] 1#1: start worker processes
2025/11/14 07:46:44 [notice] 1#1: start worker process 29
2025/11/14 07:46:44 [notice] 1#1: start worker process 30
2025/11/14 07:46:44 [notice] 1#1: start worker process 31
2025/11/14 07:46:44 [notice] 1#1: start worker process 32
2025/11/14 07:47:02 [notice] 1#1: signal 3 (SIGQUIT) received, shutting down
2025/11/14 07:47:02 [notice] 31#31: gracefully shutting down
2025/11/14 07:47:02 [notice] 31#31: exiting
2025/11/14 07:47:02 [notice] 29#29: gracefully shutting down
2025/11/14 07:47:02 [notice] 31#31: exit
2025/11/14 07:47:02 [notice] 29#29: exiting
2025/11/14 07:47:02 [notice] 29#29: exit
2025/11/14 07:47:02 [notice] 30#30: gracefully shutting down
2025/11/14 07:47:02 [notice] 32#32: gracefully shutting down
2025/11/14 07:47:02 [notice] 32#32: exiting
2025/11/14 07:47:02 [notice] 32#32: exit
2025/11/14 07:47:02 [notice] 1#1: signal 17 (SIGCHLD) received from 31
2025/11/14 07:47:02 [notice] 1#1: worker process 31 exited with code 0
2025/11/14 07:47:02 [notice] 1#1: signal 29 (SIGIO) received
2025/11/14 07:47:02 [notice] 1#1: signal 17 (SIGCHLD) received from 29
2025/11/14 07:47:02 [notice] 1#1: worker process 29 exited with code 0
2025/11/14 07:47:02 [notice] 1#1: signal 29 (SIGIO) received
2025/11/14 07:47:02 [notice] 1#1: signal 17 (SIGCHLD) received from 32
2025/11/14 07:47:02 [notice] 1#1: worker process 32 exited with code 0
2025/11/14 07:47:02 [notice] 1#1: signal 29 (SIGIO) received
2025/11/14 10:21:52 [notice] 1#1: using the "epoll" event method
2025/11/14 10:21:52 [notice] 1#1: nginx/1.24.0
2025/11/14 10:21:52 [notice] 1#1: built by gcc 12.2.1 20220924 (Alpine 12.2.1_git20220924-r4) 
2025/11/14 10:21:52 [notice] 1#1: OS: Linux 3.10.0-1160.el7.x86_64
2025/11/14 10:21:52 [notice] 1#1: getrlimit(RLIMIT_NOFILE): 1048576:1048576
2025/11/14 10:21:52 [notice] 1#1: start worker processes
2025/11/14 10:21:52 [notice] 1#1: start worker process 29
2025/11/14 10:21:52 [notice] 1#1: start worker process 30
2025/11/14 10:21:52 [notice] 1#1: start worker process 31
2025/11/14 10:21:52 [notice] 1#1: start worker process 32
2025/11/14 10:33:22 [notice] 1#1: signal 3 (SIGQUIT) received, shutting down
2025/11/14 10:33:22 [notice] 31#31: gracefully shutting down
2025/11/14 10:33:22 [notice] 29#29: gracefully shutting down
2025/11/14 10:33:22 [notice] 31#31: exiting
2025/11/14 10:33:22 [notice] 29#29: exiting
2025/11/14 10:33:22 [notice] 31#31: exit
2025/11/14 10:33:22 [notice] 29#29: exit
2025/11/14 10:33:22 [notice] 30#30: gracefully shutting down
2025/11/14 10:33:22 [notice] 30#30: exiting
2025/11/14 10:33:22 [notice] 32#32: gracefully shutting down
2025/11/14 10:33:22 [notice] 30#30: exit
2025/11/14 10:33:22 [notice] 32#32: exiting
2025/11/14 10:33:22 [notice] 32#32: exit
2025/11/14 10:33:22 [notice] 1#1: signal 17 (SIGCHLD) received from 29
2025/11/14 10:33:22 [notice] 1#1: worker process 29 exited with code 0
2025/11/14 10:33:22 [notice] 1#1: worker process 32 exited with code 0
2025/11/14 10:33:22 [notice] 1#1: signal 29 (SIGIO) received
2025/11/14 10:33:22 [notice] 1#1: signal 17 (SIGCHLD) received from 30
2025/11/14 10:33:22 [notice] 1#1: worker process 30 exited with code 0
2025/11/14 10:33:22 [notice] 1#1: worker process 31 exited with code 0
2025/11/14 10:33:22 [notice] 1#1: exit
2025/11/14 10:43:31 [notice] 1#1: using the "epoll" event method
2025/11/14 10:43:31 [notice] 1#1: nginx/1.24.0
2025/11/14 10:43:31 [notice] 1#1: built by gcc 12.2.1 20220924 (Alpine 12.2.1_git20220924-r4) 
2025/11/14 10:43:31 [notice] 1#1: OS: Linux 3.10.0-1160.el7.x86_64
2025/11/14 10:43:31 [notice] 1#1: getrlimit(RLIMIT_NOFILE): 1048576:1048576
2025/11/14 10:43:31 [notice] 1#1: start worker processes
2025/11/14 10:43:31 [notice] 1#1: start worker process 29
2025/11/14 10:43:31 [notice] 1#1: start worker process 30
2025/11/14 10:43:31 [notice] 1#1: start worker process 31
2025/11/14 10:43:31 [notice] 1#1: start worker process 32
2025/11/14 10:44:18 [notice] 1#1: signal 3 (SIGQUIT) received, shutting down
2025/11/14 10:44:18 [notice] 29#29: gracefully shutting down
2025/11/14 10:44:18 [notice] 29#29: exiting
2025/11/14 10:44:18 [notice] 29#29: exit
2025/11/14 10:44:18 [notice] 32#32: gracefully shutting down
2025/11/14 10:44:18 [notice] 32#32: exiting
2025/11/14 10:44:18 [notice] 30#30: gracefully shutting down
2025/11/14 10:44:18 [notice] 31#31: gracefully shutting down
2025/11/14 10:44:18 [notice] 32#32: exit
2025/11/14 10:44:18 [notice] 31#31: exiting
2025/11/14 10:44:18 [notice] 31#31: exit
2025/11/14 10:44:18 [notice] 1#1: signal 17 (SIGCHLD) received from 32
2025/11/14 10:44:18 [notice] 1#1: worker process 32 exited with code 0
2025/11/14 10:44:18 [notice] 1#1: signal 29 (SIGIO) received
2025/11/14 10:44:18 [notice] 1#1: signal 17 (SIGCHLD) received from 29
2025/11/14 10:44:18 [notice] 1#1: worker process 29 exited with code 0
2025/11/14 10:44:18 [notice] 1#1: worker process 31 exited with code 0
2025/11/14 10:44:18 [notice] 1#1: signal 29 (SIGIO) received
2025/11/15 07:08:45 [notice] 1#1: using the "epoll" event method
2025/11/15 07:08:45 [notice] 1#1: nginx/1.24.0
2025/11/15 07:08:45 [notice] 1#1: built by gcc 12.2.1 20220924 (Alpine 12.2.1_git20220924-r4) 
2025/11/15 07:08:45 [notice] 1#1: OS: Linux 3.10.0-1160.el7.x86_64
2025/11/15 07:08:45 [notice] 1#1: getrlimit(RLIMIT_NOFILE): 1048576:1048576
2025/11/15 07:08:45 [notice] 1#1: start worker processes
2025/11/15 07:08:45 [notice] 1#1: start worker process 29
2025/11/15 07:08:45 [notice] 1#1: start worker process 30
2025/11/15 07:08:45 [notice] 1#1: start worker process 31
2025/11/15 07:08:45 [notice] 1#1: start worker process 32
2025/11/15 07:09:18 [error] 30#30: *1 open() "/usr/share/nginx/html/favicon.ico" failed (2: No such file or directory), client: 192.168.200.1, server: localhost, request: "GET /favicon.ico HTTP/1.1", host: "192.168.200.143", referrer: "http://192.168.200.143/"
2025/11/15 07:09:18 [error] 30#30: *1 open() "/usr/share/nginx/html/404.html" failed (2: No such file or directory), client: 192.168.200.1, server: localhost, request: "GET /favicon.ico HTTP/1.1", host: "192.168.200.143", referrer: "http://192.168.200.143/"
2025/11/15 07:10:32 [notice] 1#1: signal 3 (SIGQUIT) received, shutting down
2025/11/15 07:10:32 [notice] 30#30: gracefully shutting down
2025/11/15 07:10:32 [notice] 31#31: gracefully shutting down
2025/11/15 07:10:32 [notice] 30#30: exiting
2025/11/15 07:10:32 [notice] 31#31: exiting
2025/11/15 07:10:32 [notice] 31#31: exit
2025/11/15 07:10:32 [notice] 30#30: exit
2025/11/15 07:10:32 [notice] 29#29: gracefully shutting down
2025/11/15 07:10:32 [notice] 29#29: exiting
2025/11/15 07:10:32 [notice] 32#32: gracefully shutting down
2025/11/15 07:10:32 [notice] 29#29: exit
2025/11/15 07:10:32 [notice] 32#32: exiting
2025/11/15 07:10:32 [notice] 32#32: exit
2025/11/15 07:10:32 [notice] 1#1: signal 17 (SIGCHLD) received from 31
2025/11/15 07:10:32 [notice] 1#1: worker process 31 exited with code 0
2025/11/15 07:10:32 [notice] 1#1: signal 29 (SIGIO) received
2025/11/15 07:10:32 [notice] 1#1: signal 17 (SIGCHLD) received from 32
2025/11/15 07:10:32 [notice] 1#1: worker process 29 exited with code 0
2025/11/15 07:10:32 [notice] 1#1: worker process 30 exited with code 0
2025/11/15 07:10:32 [notice] 1#1: worker process 32 exited with code 0
2025/11/15 07:10:32 [notice] 1#1: exit
2025/11/15 08:00:06 [notice] 1#1: using the "epoll" event method
2025/11/15 08:00:06 [notice] 1#1: nginx/1.24.0
2025/11/15 08:00:06 [notice] 1#1: built by gcc 12.2.1 20220924 (Alpine 12.2.1_git20220924-r4) 
2025/11/15 08:00:06 [notice] 1#1: OS: Linux 3.10.0-1160.el7.x86_64
2025/11/15 08:00:06 [notice] 1#1: getrlimit(RLIMIT_NOFILE): 1048576:1048576
2025/11/15 08:00:06 [notice] 1#1: start worker processes
2025/11/15 08:00:06 [notice] 1#1: start worker process 29
2025/11/15 08:00:06 [notice] 1#1: start worker process 30
2025/11/15 08:00:06 [notice] 1#1: start worker process 31
2025/11/15 08:00:06 [notice] 1#1: start worker process 32
2025/11/15 08:03:46 [notice] 1#1: signal 3 (SIGQUIT) received, shutting down
2025/11/15 08:03:46 [notice] 29#29: gracefully shutting down
2025/11/15 08:03:46 [notice] 30#30: gracefully shutting down
2025/11/15 08:03:46 [notice] 29#29: exiting
2025/11/15 08:03:46 [notice] 30#30: exiting
2025/11/15 08:03:46 [notice] 30#30: exit
2025/11/15 08:03:46 [notice] 29#29: exit
2025/11/15 08:03:46 [notice] 31#31: gracefully shutting down
2025/11/15 08:03:46 [notice] 31#31: exiting
2025/11/15 08:03:46 [notice] 31#31: exit
2025/11/15 08:03:46 [notice] 32#32: gracefully shutting down
2025/11/15 08:03:46 [notice] 32#32: exiting
2025/11/15 08:03:46 [notice] 32#32: exit
2025/11/15 08:03:46 [notice] 1#1: signal 17 (SIGCHLD) received from 30
2025/11/15 08:03:46 [notice] 1#1: worker process 29 exited with code 0
2025/11/15 08:03:46 [notice] 1#1: worker process 30 exited with code 0
2025/11/15 08:03:46 [notice] 1#1: signal 29 (SIGIO) received
2025/11/15 08:03:46 [notice] 1#1: signal 17 (SIGCHLD) received from 31
2025/11/15 08:03:46 [notice] 1#1: worker process 31 exited with code 0
2025/11/15 08:03:46 [notice] 1#1: worker process 32 exited with code 0
2025/11/15 08:03:46 [notice] 1#1: exit
2025/11/15 08:18:21 [notice] 1#1: using the "epoll" event method
2025/11/15 08:18:21 [notice] 1#1: nginx/1.24.0
2025/11/15 08:18:21 [notice] 1#1: built by gcc 12.2.1 20220924 (Alpine 12.2.1_git20220924-r4) 
2025/11/15 08:18:21 [notice] 1#1: OS: Linux 3.10.0-1160.el7.x86_64
2025/11/15 08:18:21 [notice] 1#1: getrlimit(RLIMIT_NOFILE): 1048576:1048576
2025/11/15 08:18:21 [notice] 1#1: start worker processes
2025/11/15 08:18:21 [notice] 1#1: start worker process 29
2025/11/15 08:18:21 [notice] 1#1: start worker process 30
2025/11/15 08:18:21 [notice] 1#1: start worker process 31
2025/11/15 08:18:21 [notice] 1#1: start worker process 32
2025/11/15 08:18:30 [notice] 1#1: signal 3 (SIGQUIT) received, shutting down
2025/11/15 08:18:30 [notice] 29#29: gracefully shutting down
2025/11/15 08:18:30 [notice] 32#32: gracefully shutting down
2025/11/15 08:18:30 [notice] 30#30: gracefully shutting down
2025/11/15 08:18:30 [notice] 29#29: exiting
2025/11/15 08:18:30 [notice] 32#32: exiting
2025/11/15 08:18:30 [notice] 30#30: exiting
2025/11/15 08:18:30 [notice] 29#29: exit
2025/11/15 08:18:30 [notice] 30#30: exit
2025/11/15 08:18:30 [notice] 31#31: gracefully shutting down
2025/11/15 08:18:30 [notice] 31#31: exiting
2025/11/15 08:18:30 [notice] 31#31: exit
2025/11/15 08:18:30 [notice] 32#32: exit
2025/11/15 08:18:30 [notice] 1#1: signal 17 (SIGCHLD) received from 30
2025/11/15 08:18:30 [notice] 1#1: worker process 30 exited with code 0
2025/11/15 08:18:30 [notice] 1#1: signal 29 (SIGIO) received
2025/11/15 08:18:30 [notice] 1#1: signal 17 (SIGCHLD) received from 31
2025/11/15 08:18:30 [notice] 1#1: worker process 29 exited with code 0
2025/11/15 08:18:30 [notice] 1#1: worker process 31 exited with code 0
2025/11/15 08:18:30 [notice] 1#1: signal 29 (SIGIO) received
2025/11/15 08:18:30 [notice] 1#1: signal 17 (SIGCHLD) received from 32
2025/11/15 08:18:30 [notice] 1#1: worker process 32 exited with code 0
2025/11/15 08:18:30 [notice] 1#1: exit
2025/11/15 08:20:16 [notice] 1#1: using the "epoll" event method
2025/11/15 08:20:16 [notice] 1#1: nginx/1.24.0
2025/11/15 08:20:16 [notice] 1#1: built by gcc 12.2.1 20220924 (Alpine 12.2.1_git20220924-r4) 
2025/11/15 08:20:16 [notice] 1#1: OS: Linux 3.10.0-1160.el7.x86_64
2025/11/15 08:20:16 [notice] 1#1: getrlimit(RLIMIT_NOFILE): 1048576:1048576
2025/11/15 08:20:16 [notice] 1#1: start worker processes
2025/11/15 08:20:16 [notice] 1#1: start worker process 29
2025/11/15 08:20:16 [notice] 1#1: start worker process 30
2025/11/15 08:20:16 [notice] 1#1: start worker process 31
2025/11/15 08:20:16 [notice] 1#1: start worker process 32
2025/11/15 08:20:20 [notice] 1#1: signal 3 (SIGQUIT) received, shutting down
2025/11/15 08:20:20 [notice] 29#29: gracefully shutting down
2025/11/15 08:20:20 [notice] 31#31: gracefully shutting down
2025/11/15 08:20:20 [notice] 30#30: gracefully shutting down
2025/11/15 08:20:20 [notice] 31#31: exiting
2025/11/15 08:20:20 [notice] 29#29: exiting
2025/11/15 08:20:20 [notice] 30#30: exiting
2025/11/15 08:20:20 [notice] 29#29: exit
2025/11/15 08:20:20 [notice] 31#31: exit
2025/11/15 08:20:20 [notice] 30#30: exit
2025/11/15 08:20:20 [notice] 32#32: gracefully shutting down
2025/11/15 08:20:20 [notice] 32#32: exiting
2025/11/15 08:20:20 [notice] 32#32: exit
2025/11/15 08:20:20 [notice] 1#1: signal 17 (SIGCHLD) received from 31
2025/11/15 08:20:20 [notice] 1#1: worker process 31 exited with code 0
2025/11/15 08:20:20 [notice] 1#1: signal 29 (SIGIO) received
2025/11/15 08:20:20 [notice] 1#1: signal 17 (SIGCHLD) received from 30
2025/11/15 08:20:20 [notice] 1#1: worker process 29 exited with code 0
2025/11/15 08:20:20 [notice] 1#1: worker process 30 exited with code 0
2025/11/15 08:20:20 [notice] 1#1: worker process 32 exited with code 0
2025/11/15 08:20:20 [notice] 1#1: exit
2025/11/15 08:21:48 [notice] 1#1: using the "epoll" event method
2025/11/15 08:21:48 [notice] 1#1: nginx/1.24.0
2025/11/15 08:21:48 [notice] 1#1: built by gcc 12.2.1 20220924 (Alpine 12.2.1_git20220924-r4) 
2025/11/15 08:21:48 [notice] 1#1: OS: Linux 3.10.0-1160.el7.x86_64
2025/11/15 08:21:48 [notice] 1#1: getrlimit(RLIMIT_NOFILE): 1048576:1048576
2025/11/15 08:21:48 [notice] 1#1: start worker processes
2025/11/15 08:21:48 [notice] 1#1: start worker process 29
2025/11/15 08:21:48 [notice] 1#1: start worker process 30
2025/11/15 08:21:48 [notice] 1#1: start worker process 31
2025/11/15 08:21:48 [notice] 1#1: start worker process 32
2025/11/15 08:21:57 [error] 30#30: *1 open() "/usr/share/nginx/html/favicon.ico" failed (2: No such file or directory), client: 192.168.200.1, server: localhost, request: "GET /favicon.ico HTTP/1.1", host: "192.168.200.143", referrer: "http://192.168.200.143/"
2025/11/15 08:21:57 [error] 30#30: *1 open() "/usr/share/nginx/html/404.html" failed (2: No such file or directory), client: 192.168.200.1, server: localhost, request: "GET /favicon.ico HTTP/1.1", host: "192.168.200.143", referrer: "http://192.168.200.143/"
2025/11/15 08:22:02 [notice] 1#1: signal 3 (SIGQUIT) received, shutting down
2025/11/15 08:22:02 [notice] 29#29: gracefully shutting down
2025/11/15 08:22:02 [notice] 31#31: gracefully shutting down
2025/11/15 08:22:02 [notice] 32#32: gracefully shutting down
2025/11/15 08:22:02 [notice] 31#31: exiting
2025/11/15 08:22:02 [notice] 32#32: exiting
2025/11/15 08:22:02 [notice] 31#31: exit
2025/11/15 08:22:02 [notice] 32#32: exit
2025/11/15 08:22:02 [notice] 30#30: gracefully shutting down
2025/11/15 08:22:02 [notice] 30#30: exiting
2025/11/15 08:22:02 [notice] 30#30: exit
2025/11/15 08:22:02 [notice] 1#1: signal 17 (SIGCHLD) received from 31
2025/11/15 08:22:02 [notice] 1#1: worker process 31 exited with code 0
2025/11/15 08:22:02 [notice] 1#1: signal 29 (SIGIO) received
2025/11/15 08:22:02 [notice] 1#1: signal 17 (SIGCHLD) received from 32
2025/11/15 08:22:02 [notice] 1#1: worker process 30 exited with code 0
2025/11/15 08:22:02 [notice] 1#1: worker process 32 exited with code 0
2025/11/15 08:22:02 [notice] 1#1: signal 29 (SIGIO) received
2025/11/15 08:22:02 [notice] 1#1: signal 17 (SIGCHLD) received from 30
2025/11/15 08:24:38 [notice] 1#1: using the "epoll" event method
2025/11/15 08:24:38 [notice] 1#1: nginx/1.24.0
2025/11/15 08:24:38 [notice] 1#1: built by gcc 12.2.1 20220924 (Alpine 12.2.1_git20220924-r4) 
2025/11/15 08:24:38 [notice] 1#1: OS: Linux 3.10.0-1160.el7.x86_64
2025/11/15 08:24:38 [notice] 1#1: getrlimit(RLIMIT_NOFILE): 1048576:1048576
2025/11/15 08:24:38 [notice] 1#1: start worker processes
2025/11/15 08:24:38 [notice] 1#1: start worker process 29
2025/11/15 08:24:38 [notice] 1#1: start worker process 30
2025/11/15 08:24:38 [notice] 1#1: start worker process 31
2025/11/15 08:24:38 [notice] 1#1: start worker process 32
2025/11/15 08:24:43 [notice] 1#1: signal 3 (SIGQUIT) received, shutting down
2025/11/15 08:24:43 [notice] 32#32: gracefully shutting down
2025/11/15 08:24:43 [notice] 29#29: gracefully shutting down
2025/11/15 08:24:43 [notice] 30#30: gracefully shutting down
2025/11/15 08:24:43 [notice] 32#32: exiting
2025/11/15 08:24:43 [notice] 29#29: exiting
2025/11/15 08:24:43 [notice] 30#30: exiting
2025/11/15 08:24:43 [notice] 32#32: exit
2025/11/15 08:24:43 [notice] 30#30: exit
2025/11/15 08:24:43 [notice] 29#29: exit
2025/11/15 08:24:43 [notice] 31#31: gracefully shutting down
2025/11/15 08:24:43 [notice] 31#31: exiting
2025/11/15 08:24:43 [notice] 31#31: exit
2025/11/15 08:24:43 [notice] 1#1: signal 17 (SIGCHLD) received from 32
2025/11/15 08:24:43 [notice] 1#1: worker process 29 exited with code 0
2025/11/15 08:24:43 [notice] 1#1: worker process 30 exited with code 0
2025/11/15 08:24:43 [notice] 1#1: worker process 31 exited with code 0
2025/11/15 08:24:43 [notice] 1#1: worker process 32 exited with code 0
2025/11/15 08:24:43 [notice] 1#1: exit
2025/11/15 08:25:11 [notice] 1#1: using the "epoll" event method
2025/11/15 08:25:11 [notice] 1#1: nginx/1.24.0
2025/11/15 08:25:11 [notice] 1#1: built by gcc 12.2.1 20220924 (Alpine 12.2.1_git20220924-r4) 
2025/11/15 08:25:11 [notice] 1#1: OS: Linux 3.10.0-1160.el7.x86_64
2025/11/15 08:25:11 [notice] 1#1: getrlimit(RLIMIT_NOFILE): 1048576:1048576
2025/11/15 08:25:11 [notice] 1#1: start worker processes
2025/11/15 08:25:11 [notice] 1#1: start worker process 29
2025/11/15 08:25:11 [notice] 1#1: start worker process 30
2025/11/15 08:25:11 [notice] 1#1: start worker process 31
2025/11/15 08:25:11 [notice] 1#1: start worker process 32
2025/11/15 08:26:47 [notice] 1#1: signal 3 (SIGQUIT) received, shutting down
2025/11/15 08:26:47 [notice] 31#31: gracefully shutting down
2025/11/15 08:26:47 [notice] 30#30: gracefully shutting down
2025/11/15 08:26:47 [notice] 30#30: exiting
2025/11/15 08:26:47 [notice] 31#31: exiting
2025/11/15 08:26:47 [notice] 31#31: exit
2025/11/15 08:26:47 [notice] 30#30: exit
2025/11/15 08:26:47 [notice] 29#29: gracefully shutting down
2025/11/15 08:26:47 [notice] 29#29: exiting
2025/11/15 08:26:47 [notice] 32#32: gracefully shutting down
2025/11/15 08:26:47 [notice] 32#32: exiting
2025/11/15 08:26:47 [notice] 29#29: exit
2025/11/15 08:26:47 [notice] 32#32: exit
2025/11/15 08:26:47 [notice] 1#1: signal 17 (SIGCHLD) received from 31
2025/11/15 08:26:47 [notice] 1#1: worker process 30 exited with code 0
2025/11/15 08:26:47 [notice] 1#1: worker process 29 exited with code 0
2025/11/15 08:26:47 [notice] 1#1: worker process 31 exited with code 0
2025/11/15 08:26:47 [notice] 1#1: worker process 32 exited with code 0
2025/11/15 08:26:47 [notice] 1#1: exit
2025/11/15 08:27:40 [notice] 1#1: using the "epoll" event method
2025/11/15 08:27:40 [notice] 1#1: nginx/1.24.0
2025/11/15 08:27:40 [notice] 1#1: built by gcc 12.2.1 20220924 (Alpine 12.2.1_git20220924-r4) 
2025/11/15 08:27:40 [notice] 1#1: OS: Linux 3.10.0-1160.el7.x86_64
2025/11/15 08:27:40 [notice] 1#1: getrlimit(RLIMIT_NOFILE): 1048576:1048576
2025/11/15 08:27:40 [notice] 1#1: start worker processes
2025/11/15 08:27:40 [notice] 1#1: start worker process 29
2025/11/15 08:27:40 [notice] 1#1: start worker process 30
2025/11/15 08:27:40 [notice] 1#1: start worker process 31
2025/11/15 08:27:40 [notice] 1#1: start worker process 32
2025/11/15 08:27:45 [notice] 1#1: signal 3 (SIGQUIT) received, shutting down
2025/11/15 08:27:45 [notice] 31#31: gracefully shutting down
2025/11/15 08:27:45 [notice] 30#30: gracefully shutting down
2025/11/15 08:27:45 [notice] 29#29: gracefully shutting down
2025/11/15 08:27:45 [notice] 31#31: exiting
2025/11/15 08:27:45 [notice] 30#30: exiting
2025/11/15 08:27:45 [notice] 29#29: exiting
2025/11/15 08:27:45 [notice] 31#31: exit
2025/11/15 08:27:45 [notice] 29#29: exit
2025/11/15 08:27:45 [notice] 30#30: exit
2025/11/15 08:27:45 [notice] 32#32: gracefully shutting down
2025/11/15 08:27:45 [notice] 32#32: exiting
2025/11/15 08:27:45 [notice] 32#32: exit
2025/11/15 08:27:45 [notice] 1#1: signal 17 (SIGCHLD) received from 30
2025/11/15 08:27:45 [notice] 1#1: worker process 29 exited with code 0
2025/11/15 08:27:45 [notice] 1#1: worker process 30 exited with code 0
2025/11/15 08:27:45 [notice] 1#1: worker process 31 exited with code 0
2025/11/15 08:27:45 [notice] 1#1: worker process 32 exited with code 0
2025/11/15 08:27:45 [notice] 1#1: exit
2025/11/15 08:44:34 [notice] 1#1: using the "epoll" event method
2025/11/15 08:44:34 [notice] 1#1: nginx/1.24.0
2025/11/15 08:44:34 [notice] 1#1: built by gcc 12.2.1 20220924 (Alpine 12.2.1_git20220924-r4) 
2025/11/15 08:44:34 [notice] 1#1: OS: Linux 3.10.0-1160.el7.x86_64
2025/11/15 08:44:34 [notice] 1#1: getrlimit(RLIMIT_NOFILE): 1048576:1048576
2025/11/15 08:44:34 [notice] 1#1: start worker processes
2025/11/15 08:44:34 [notice] 1#1: start worker process 29
2025/11/15 08:44:34 [notice] 1#1: start worker process 30
2025/11/15 08:44:34 [notice] 1#1: start worker process 31
2025/11/15 08:44:34 [notice] 1#1: start worker process 32
2025/11/15 08:46:31 [notice] 1#1: signal 3 (SIGQUIT) received, shutting down
2025/11/15 08:46:31 [notice] 29#29: gracefully shutting down
2025/11/15 08:46:31 [notice] 31#31: gracefully shutting down
2025/11/15 08:46:31 [notice] 29#29: exiting
2025/11/15 08:46:31 [notice] 31#31: exiting
2025/11/15 08:46:31 [notice] 32#32: gracefully shutting down
2025/11/15 08:46:31 [notice] 32#32: exiting
2025/11/15 08:46:31 [notice] 29#29: exit
2025/11/15 08:46:31 [notice] 32#32: exit
2025/11/15 08:46:31 [notice] 31#31: exit
2025/11/15 08:46:31 [notice] 30#30: gracefully shutting down
2025/11/15 08:46:31 [notice] 30#30: exiting
2025/11/15 08:46:31 [notice] 30#30: exit
2025/11/15 08:46:31 [notice] 1#1: signal 17 (SIGCHLD) received from 30
2025/11/15 08:46:31 [notice] 1#1: worker process 29 exited with code 0
2025/11/15 08:46:31 [notice] 1#1: worker process 30 exited with code 0
2025/11/15 08:46:31 [notice] 1#1: signal 29 (SIGIO) received
2025/11/15 08:46:31 [notice] 1#1: signal 17 (SIGCHLD) received from 29
2025/11/15 08:46:31 [notice] 1#1: signal 17 (SIGCHLD) received from 31
2025/11/15 08:46:31 [notice] 1#1: worker process 31 exited with code 0
2025/11/15 08:46:31 [notice] 1#1: worker process 32 exited with code 0
2025/11/15 08:46:31 [notice] 1#1: exit
2025/11/15 14:47:58 [notice] 1#1: using the "epoll" event method
2025/11/15 14:47:58 [notice] 1#1: nginx/1.24.0
2025/11/15 14:47:58 [notice] 1#1: built by gcc 12.2.1 20220924 (Alpine 12.2.1_git20220924-r4) 
2025/11/15 14:47:58 [notice] 1#1: OS: Linux 3.10.0-1160.el7.x86_64
2025/11/15 14:47:58 [notice] 1#1: getrlimit(RLIMIT_NOFILE): 1048576:1048576
2025/11/15 14:47:58 [notice] 1#1: start worker processes
2025/11/15 14:47:58 [notice] 1#1: start worker process 29
2025/11/15 14:47:58 [notice] 1#1: start worker process 30
2025/11/15 14:47:58 [notice] 1#1: start worker process 31
2025/11/15 14:47:58 [notice] 1#1: start worker process 32
2025/11/15 15:36:06 [notice] 1#1: signal 3 (SIGQUIT) received, shutting down
2025/11/15 15:36:06 [notice] 29#29: gracefully shutting down
2025/11/15 15:36:06 [notice] 30#30: gracefully shutting down
2025/11/15 15:36:06 [notice] 29#29: exiting
2025/11/15 15:36:06 [notice] 30#30: exiting
2025/11/15 15:36:06 [notice] 31#31: gracefully shutting down
2025/11/15 15:36:06 [notice] 31#31: exiting
2025/11/15 15:36:06 [notice] 31#31: exit
2025/11/15 15:36:06 [notice] 29#29: exit
2025/11/15 15:36:06 [notice] 30#30: exit
2025/11/15 15:36:06 [notice] 32#32: gracefully shutting down
2025/11/15 15:36:06 [notice] 32#32: exiting
2025/11/15 15:36:06 [notice] 32#32: exit
2025/11/15 15:36:06 [notice] 1#1: signal 17 (SIGCHLD) received from 30
2025/11/15 15:36:06 [notice] 1#1: worker process 30 exited with code 0
2025/11/15 15:36:06 [notice] 1#1: worker process 31 exited with code 0
2025/11/15 15:36:06 [notice] 1#1: signal 29 (SIGIO) received
2025/11/15 15:36:06 [notice] 1#1: signal 17 (SIGCHLD) received from 32
2025/11/15 15:36:06 [notice] 1#1: worker process 32 exited with code 0
2025/11/15 15:36:06 [notice] 1#1: signal 29 (SIGIO) received
2025/11/15 15:36:06 [notice] 1#1: signal 17 (SIGCHLD) received from 29
2025/11/15 15:36:06 [notice] 1#1: worker process 29 exited with code 0
2025/11/15 15:36:06 [notice] 1#1: exit
2025/11/15 15:36:35 [notice] 1#1: using the "epoll" event method
2025/11/15 15:36:35 [notice] 1#1: nginx/1.24.0
2025/11/15 15:36:35 [notice] 1#1: built by gcc 12.2.1 20220924 (Alpine 12.2.1_git20220924-r4) 
2025/11/15 15:36:35 [notice] 1#1: OS: Linux 3.10.0-1160.el7.x86_64
2025/11/15 15:36:35 [notice] 1#1: getrlimit(RLIMIT_NOFILE): 1048576:1048576
2025/11/15 15:36:35 [notice] 1#1: start worker processes
2025/11/15 15:36:35 [notice] 1#1: start worker process 28
2025/11/15 15:36:35 [notice] 1#1: start worker process 29
2025/11/15 15:36:35 [notice] 1#1: start worker process 30
2025/11/15 15:36:35 [notice] 1#1: start worker process 31
2025/11/15 15:38:39 [error] 28#28: *1 open() "/usr/share/nginx/html/favicon.ico" failed (2: No such file or directory), client: 192.168.200.1, server: localhost, request: "GET /favicon.ico HTTP/1.1", host: "192.168.200.143", referrer: "http://192.168.200.143/"
2025/11/15 15:38:39 [error] 28#28: *1 open() "/usr/share/nginx/html/404.html" failed (2: No such file or directory), client: 192.168.200.1, server: localhost, request: "GET /favicon.ico HTTP/1.1", host: "192.168.200.143", referrer: "http://192.168.200.143/"
2025/11/15 16:12:46 [notice] 1#1: signal 3 (SIGQUIT) received, shutting down
2025/11/15 16:12:46 [notice] 29#29: gracefully shutting down
2025/11/15 16:12:46 [notice] 28#28: gracefully shutting down
2025/11/15 16:12:46 [notice] 28#28: exiting
2025/11/15 16:12:46 [notice] 29#29: exiting
2025/11/15 16:12:46 [notice] 28#28: exit
2025/11/15 16:12:46 [notice] 29#29: exit
2025/11/15 16:12:46 [notice] 30#30: gracefully shutting down
2025/11/15 16:12:46 [notice] 30#30: exiting
2025/11/15 16:12:46 [notice] 30#30: exit
2025/11/15 16:12:46 [notice] 31#31: gracefully shutting down
2025/11/15 16:12:46 [notice] 31#31: exiting
2025/11/15 16:12:46 [notice] 31#31: exit
2025/11/15 16:12:46 [notice] 1#1: signal 17 (SIGCHLD) received from 28
2025/11/15 16:12:46 [notice] 1#1: worker process 28 exited with code 0
2025/11/15 16:12:46 [notice] 1#1: worker process 29 exited with code 0
2025/11/15 16:12:46 [notice] 1#1: signal 29 (SIGIO) received
2025/11/15 16:12:46 [notice] 1#1: signal 17 (SIGCHLD) received from 30
2025/11/15 16:12:46 [notice] 1#1: worker process 30 exited with code 0
2025/11/15 16:12:46 [notice] 1#1: worker process 31 exited with code 0
2025/11/15 16:12:46 [notice] 1#1: exit
2025/11/15 16:13:53 [notice] 1#1: using the "epoll" event method
2025/11/15 16:13:53 [notice] 1#1: nginx/1.24.0
2025/11/15 16:13:53 [notice] 1#1: built by gcc 12.2.1 20220924 (Alpine 12.2.1_git20220924-r4) 
2025/11/15 16:13:53 [notice] 1#1: OS: Linux 3.10.0-1160.el7.x86_64
2025/11/15 16:13:53 [notice] 1#1: getrlimit(RLIMIT_NOFILE): 1048576:1048576
2025/11/15 16:13:53 [notice] 1#1: start worker processes
2025/11/15 16:13:53 [notice] 1#1: start worker process 29
2025/11/15 16:13:53 [notice] 1#1: start worker process 30
2025/11/15 16:13:53 [notice] 1#1: start worker process 31
2025/11/15 16:13:53 [notice] 1#1: start worker process 32
2025/11/15 16:16:38 [notice] 1#1: signal 3 (SIGQUIT) received, shutting down
2025/11/15 16:16:38 [notice] 30#30: gracefully shutting down
2025/11/15 16:16:38 [notice] 29#29: gracefully shutting down
2025/11/15 16:16:38 [notice] 30#30: exiting
2025/11/15 16:16:38 [notice] 29#29: exiting
2025/11/15 16:16:38 [notice] 29#29: exit
2025/11/15 16:16:38 [notice] 30#30: exit
2025/11/15 16:16:38 [notice] 32#32: gracefully shutting down
2025/11/15 16:16:38 [notice] 32#32: exiting
2025/11/15 16:16:38 [notice] 32#32: exit
2025/11/15 16:16:38 [notice] 31#31: gracefully shutting down
2025/11/15 16:16:38 [notice] 31#31: exiting
2025/11/15 16:16:38 [notice] 31#31: exit
2025/11/15 16:16:38 [notice] 1#1: signal 17 (SIGCHLD) received from 32
2025/11/15 16:16:38 [notice] 1#1: worker process 32 exited with code 0
2025/11/15 16:16:38 [notice] 1#1: signal 29 (SIGIO) received
2025/11/15 16:16:38 [notice] 1#1: signal 17 (SIGCHLD) received from 30
2025/11/15 16:16:38 [notice] 1#1: worker process 30 exited with code 0
2025/11/15 16:16:38 [notice] 1#1: signal 29 (SIGIO) received
2025/11/15 16:16:38 [notice] 1#1: signal 17 (SIGCHLD) received from 29
2025/11/15 16:16:38 [notice] 1#1: worker process 29 exited with code 0
2025/11/15 16:16:38 [notice] 1#1: signal 29 (SIGIO) received
2025/11/15 16:16:38 [notice] 1#1: signal 17 (SIGCHLD) received from 31
2025/11/15 16:16:38 [notice] 1#1: worker process 31 exited with code 0
2025/11/15 16:16:38 [notice] 1#1: exit
2025/11/15 16:17:06 [notice] 1#1: using the "epoll" event method
2025/11/15 16:17:06 [notice] 1#1: nginx/1.24.0
2025/11/15 16:17:06 [notice] 1#1: built by gcc 12.2.1 20220924 (Alpine 12.2.1_git20220924-r4) 
2025/11/15 16:17:06 [notice] 1#1: OS: Linux 3.10.0-1160.el7.x86_64
2025/11/15 16:17:06 [notice] 1#1: getrlimit(RLIMIT_NOFILE): 1048576:1048576
2025/11/15 16:17:06 [notice] 1#1: start worker processes
2025/11/15 16:17:06 [notice] 1#1: start worker process 29
2025/11/15 16:17:06 [notice] 1#1: start worker process 30
2025/11/15 16:17:06 [notice] 1#1: start worker process 31
2025/11/15 16:17:06 [notice] 1#1: start worker process 32
2025/11/15 16:27:27 [notice] 1#1: signal 3 (SIGQUIT) received, shutting down
2025/11/15 16:27:27 [notice] 31#31: gracefully shutting down
2025/11/15 16:27:27 [notice] 31#31: exiting
2025/11/15 16:27:27 [notice] 31#31: exit
2025/11/15 16:27:27 [notice] 30#30: gracefully shutting down
2025/11/15 16:27:27 [notice] 30#30: exiting
2025/11/15 16:27:27 [notice] 30#30: exit
2025/11/15 16:27:27 [notice] 29#29: gracefully shutting down
2025/11/15 16:27:27 [notice] 29#29: exiting
2025/11/15 16:27:27 [notice] 32#32: gracefully shutting down
2025/11/15 16:27:27 [notice] 29#29: exit
2025/11/15 16:27:27 [notice] 32#32: exiting
2025/11/15 16:27:27 [notice] 32#32: exit
2025/11/15 16:27:27 [notice] 1#1: signal 17 (SIGCHLD) received from 29
2025/11/15 16:27:27 [notice] 1#1: worker process 29 exited with code 0
2025/11/15 16:27:27 [notice] 1#1: worker process 31 exited with code 0
2025/11/15 16:27:27 [notice] 1#1: signal 29 (SIGIO) received
2025/11/15 16:27:27 [notice] 1#1: signal 17 (SIGCHLD) received from 31
2025/11/15 16:27:27 [notice] 1#1: signal 17 (SIGCHLD) received from 32
2025/11/15 16:27:27 [notice] 1#1: worker process 30 exited with code 0
2025/11/15 16:27:27 [notice] 1#1: worker process 32 exited with code 0
2025/11/15 16:27:27 [notice] 1#1: exit
2025/11/15 16:27:55 [notice] 1#1: using the "epoll" event method
2025/11/15 16:27:55 [notice] 1#1: nginx/1.24.0
2025/11/15 16:27:55 [notice] 1#1: built by gcc 12.2.1 20220924 (Alpine 12.2.1_git20220924-r4) 
2025/11/15 16:27:55 [notice] 1#1: OS: Linux 3.10.0-1160.el7.x86_64
2025/11/15 16:27:55 [notice] 1#1: getrlimit(RLIMIT_NOFILE): 1048576:1048576
2025/11/15 16:27:55 [notice] 1#1: start worker processes
2025/11/15 16:27:55 [notice] 1#1: start worker process 29
2025/11/15 16:27:55 [notice] 1#1: start worker process 30
2025/11/15 16:27:55 [notice] 1#1: start worker process 31
2025/11/15 16:27:55 [notice] 1#1: start worker process 32
2025/11/15 16:41:36 [notice] 1#1: signal 3 (SIGQUIT) received, shutting down
2025/11/15 16:41:36 [notice] 30#30: gracefully shutting down
2025/11/15 16:41:36 [notice] 29#29: gracefully shutting down
2025/11/15 16:41:36 [notice] 30#30: exiting
2025/11/15 16:41:36 [notice] 29#29: exiting
2025/11/15 16:41:36 [notice] 29#29: exit
2025/11/15 16:41:36 [notice] 30#30: exit
2025/11/15 16:41:36 [notice] 31#31: gracefully shutting down
2025/11/15 16:41:36 [notice] 31#31: exiting
2025/11/15 16:41:36 [notice] 31#31: exit
2025/11/15 16:41:36 [notice] 32#32: gracefully shutting down
2025/11/15 16:41:36 [notice] 32#32: exiting
2025/11/15 16:41:36 [notice] 32#32: exit
2025/11/15 16:41:36 [notice] 1#1: signal 17 (SIGCHLD) received from 30
2025/11/15 16:41:36 [notice] 1#1: worker process 29 exited with code 0
2025/11/15 16:41:36 [notice] 1#1: worker process 30 exited with code 0
2025/11/15 16:41:36 [notice] 1#1: signal 29 (SIGIO) received
2025/11/15 16:41:36 [notice] 1#1: signal 17 (SIGCHLD) received from 31
2025/11/15 16:41:36 [notice] 1#1: worker process 31 exited with code 0
2025/11/15 16:41:36 [notice] 1#1: worker process 32 exited with code 0
2025/11/15 16:41:36 [notice] 1#1: exit
2025/11/15 16:47:33 [notice] 1#1: using the "epoll" event method
2025/11/15 16:47:33 [notice] 1#1: nginx/1.24.0
2025/11/15 16:47:33 [notice] 1#1: built by gcc 12.2.1 20220924 (Alpine 12.2.1_git20220924-r4) 
2025/11/15 16:47:33 [notice] 1#1: OS: Linux 3.10.0-1160.el7.x86_64
2025/11/15 16:47:33 [notice] 1#1: getrlimit(RLIMIT_NOFILE): 1048576:1048576
2025/11/15 16:47:33 [notice] 1#1: start worker processes
2025/11/15 16:47:33 [notice] 1#1: start worker process 29
2025/11/15 16:47:33 [notice] 1#1: start worker process 30
2025/11/15 16:47:33 [notice] 1#1: start worker process 31
2025/11/15 16:47:33 [notice] 1#1: start worker process 32
2025/11/15 16:49:59 [notice] 1#1: signal 3 (SIGQUIT) received, shutting down
2025/11/15 16:49:59 [notice] 29#29: gracefully shutting down
2025/11/15 16:49:59 [notice] 32#32: gracefully shutting down
2025/11/15 16:49:59 [notice] 32#32: exiting
2025/11/15 16:49:59 [notice] 29#29: exiting
2025/11/15 16:49:59 [notice] 32#32: exit
2025/11/15 16:49:59 [notice] 29#29: exit
2025/11/15 16:49:59 [notice] 31#31: gracefully shutting down
2025/11/15 16:49:59 [notice] 31#31: exiting
2025/11/15 16:49:59 [notice] 31#31: exit
2025/11/15 16:49:59 [notice] 30#30: gracefully shutting down
2025/11/15 16:49:59 [notice] 30#30: exiting
2025/11/15 16:49:59 [notice] 30#30: exit
2025/11/15 16:49:59 [notice] 1#1: signal 17 (SIGCHLD) received from 32
2025/11/15 16:49:59 [notice] 1#1: worker process 32 exited with code 0
2025/11/15 16:49:59 [notice] 1#1: signal 29 (SIGIO) received
2025/11/15 16:49:59 [notice] 1#1: signal 17 (SIGCHLD) received from 29
2025/11/15 16:49:59 [notice] 1#1: worker process 29 exited with code 0
2025/11/15 16:49:59 [notice] 1#1: worker process 30 exited with code 0
2025/11/15 16:49:59 [notice] 1#1: signal 29 (SIGIO) received
2025/11/15 16:49:59 [notice] 1#1: signal 17 (SIGCHLD) received from 31
2025/11/15 16:49:59 [notice] 1#1: worker process 31 exited with code 0
2025/11/15 16:49:59 [notice] 1#1: exit
2025/11/16 05:55:52 [notice] 1#1: using the "epoll" event method
2025/11/16 05:55:52 [notice] 1#1: nginx/1.24.0
2025/11/16 05:55:52 [notice] 1#1: built by gcc 12.2.1 20220924 (Alpine 12.2.1_git20220924-r4) 
2025/11/16 05:55:52 [notice] 1#1: OS: Linux 3.10.0-1160.el7.x86_64
2025/11/16 05:55:52 [notice] 1#1: getrlimit(RLIMIT_NOFILE): 1048576:1048576
2025/11/16 05:55:52 [notice] 1#1: start worker processes
2025/11/16 05:55:52 [notice] 1#1: start worker process 29
2025/11/16 05:55:52 [notice] 1#1: start worker process 30
2025/11/16 05:55:52 [notice] 1#1: start worker process 31
2025/11/16 05:55:52 [notice] 1#1: start worker process 32
2025/11/16 06:21:18 [notice] 1#1: signal 3 (SIGQUIT) received, shutting down
2025/11/16 06:21:18 [notice] 29#29: gracefully shutting down
2025/11/16 06:21:18 [notice] 29#29: exiting
2025/11/16 06:21:18 [notice] 31#31: gracefully shutting down
2025/11/16 06:21:18 [notice] 29#29: exit
2025/11/16 06:21:18 [notice] 31#31: exiting
2025/11/16 06:21:18 [notice] 31#31: exit
2025/11/16 06:21:18 [notice] 30#30: gracefully shutting down
2025/11/16 06:21:18 [notice] 30#30: exiting
2025/11/16 06:21:18 [notice] 30#30: exit
2025/11/16 06:21:18 [notice] 32#32: gracefully shutting down
2025/11/16 06:21:18 [notice] 32#32: exiting
2025/11/16 06:21:18 [notice] 32#32: exit
2025/11/16 06:21:18 [notice] 1#1: signal 17 (SIGCHLD) received from 29
2025/11/16 06:21:18 [notice] 1#1: worker process 29 exited with code 0
2025/11/16 06:21:18 [notice] 1#1: worker process 31 exited with code 0
2025/11/16 06:21:18 [notice] 1#1: signal 29 (SIGIO) received
2025/11/16 06:21:18 [notice] 1#1: signal 17 (SIGCHLD) received from 32
2025/11/16 06:21:18 [notice] 1#1: worker process 30 exited with code 0
2025/11/16 06:21:18 [notice] 1#1: worker process 32 exited with code 0
2025/11/16 06:21:18 [notice] 1#1: exit
2025/11/16 06:21:47 [notice] 1#1: using the "epoll" event method
2025/11/16 06:21:47 [notice] 1#1: nginx/1.24.0
2025/11/16 06:21:47 [notice] 1#1: built by gcc 12.2.1 20220924 (Alpine 12.2.1_git20220924-r4) 
2025/11/16 06:21:47 [notice] 1#1: OS: Linux 3.10.0-1160.el7.x86_64
2025/11/16 06:21:47 [notice] 1#1: getrlimit(RLIMIT_NOFILE): 1048576:1048576
2025/11/16 06:21:47 [notice] 1#1: start worker processes
2025/11/16 06:21:47 [notice] 1#1: start worker process 29
2025/11/16 06:21:47 [notice] 1#1: start worker process 30
2025/11/16 06:21:47 [notice] 1#1: start worker process 31
2025/11/16 06:21:47 [notice] 1#1: start worker process 32
2025/11/16 06:58:39 [notice] 1#1: signal 3 (SIGQUIT) received, shutting down
2025/11/16 06:58:39 [notice] 31#31: gracefully shutting down
2025/11/16 06:58:39 [notice] 30#30: gracefully shutting down
2025/11/16 06:58:39 [notice] 30#30: exiting
2025/11/16 06:58:39 [notice] 31#31: exiting
2025/11/16 06:58:39 [notice] 30#30: exit
2025/11/16 06:58:39 [notice] 31#31: exit
2025/11/16 06:58:39 [notice] 29#29: gracefully shutting down
2025/11/16 06:58:39 [notice] 29#29: exiting
2025/11/16 06:58:39 [notice] 29#29: exit
2025/11/16 06:58:39 [notice] 32#32: gracefully shutting down
2025/11/16 06:58:39 [notice] 32#32: exiting
2025/11/16 06:58:39 [notice] 32#32: exit
2025/11/16 06:58:39 [notice] 1#1: signal 17 (SIGCHLD) received from 31
2025/11/16 06:58:39 [notice] 1#1: worker process 30 exited with code 0
2025/11/16 06:58:39 [notice] 1#1: worker process 31 exited with code 0
2025/11/16 06:58:39 [notice] 1#1: signal 29 (SIGIO) received
2025/11/16 06:58:39 [notice] 1#1: signal 17 (SIGCHLD) received from 30
2025/11/16 06:58:39 [notice] 1#1: signal 17 (SIGCHLD) received from 29
2025/11/16 06:58:39 [notice] 1#1: worker process 29 exited with code 0
2025/11/16 06:58:39 [notice] 1#1: worker process 32 exited with code 0
2025/11/16 06:58:39 [notice] 1#1: exit
2025/11/16 07:03:50 [notice] 1#1: using the "epoll" event method
2025/11/16 07:03:50 [notice] 1#1: nginx/1.24.0
2025/11/16 07:03:50 [notice] 1#1: built by gcc 12.2.1 20220924 (Alpine 12.2.1_git20220924-r4) 
2025/11/16 07:03:50 [notice] 1#1: OS: Linux 3.10.0-1160.el7.x86_64
2025/11/16 07:03:50 [notice] 1#1: getrlimit(RLIMIT_NOFILE): 1048576:1048576
2025/11/16 07:03:50 [notice] 1#1: start worker processes
2025/11/16 07:03:50 [notice] 1#1: start worker process 30
2025/11/16 07:03:50 [notice] 1#1: start worker process 31
2025/11/16 07:03:50 [notice] 1#1: start worker process 32
2025/11/16 07:03:50 [notice] 1#1: start worker process 33
2025/11/16 07:08:24 [notice] 1#1: signal 3 (SIGQUIT) received, shutting down
2025/11/16 07:08:24 [notice] 30#30: gracefully shutting down
2025/11/16 07:08:24 [notice] 31#31: gracefully shutting down
2025/11/16 07:08:24 [notice] 31#31: exiting
2025/11/16 07:08:24 [notice] 30#30: exiting
2025/11/16 07:08:24 [notice] 31#31: exit
2025/11/16 07:08:24 [notice] 30#30: exit
2025/11/16 07:08:24 [notice] 32#32: gracefully shutting down
2025/11/16 07:08:24 [notice] 33#33: gracefully shutting down
2025/11/16 07:08:24 [notice] 32#32: exiting
2025/11/16 07:08:24 [notice] 33#33: exiting
2025/11/16 07:08:24 [notice] 32#32: exit
2025/11/16 07:08:24 [notice] 33#33: exit
2025/11/16 07:08:24 [notice] 1#1: signal 17 (SIGCHLD) received from 31
2025/11/16 07:08:24 [notice] 1#1: worker process 31 exited with code 0
2025/11/16 07:08:24 [notice] 1#1: worker process 32 exited with code 0
2025/11/16 07:08:24 [notice] 1#1: signal 29 (SIGIO) received
2025/11/16 07:08:24 [notice] 1#1: signal 17 (SIGCHLD) received from 33
2025/11/16 07:08:24 [notice] 1#1: worker process 30 exited with code 0
2025/11/16 07:08:24 [notice] 1#1: worker process 33 exited with code 0
2025/11/16 07:08:24 [notice] 1#1: exit
2025/11/16 07:10:24 [notice] 1#1: using the "epoll" event method
2025/11/16 07:10:24 [notice] 1#1: nginx/1.24.0
2025/11/16 07:10:24 [notice] 1#1: built by gcc 12.2.1 20220924 (Alpine 12.2.1_git20220924-r4) 
2025/11/16 07:10:24 [notice] 1#1: OS: Linux 3.10.0-1160.el7.x86_64
2025/11/16 07:10:24 [notice] 1#1: getrlimit(RLIMIT_NOFILE): 1048576:1048576
2025/11/16 07:10:24 [notice] 1#1: start worker processes
2025/11/16 07:10:24 [notice] 1#1: start worker process 29
2025/11/16 07:10:24 [notice] 1#1: start worker process 30
2025/11/16 07:10:24 [notice] 1#1: start worker process 31
2025/11/16 07:10:24 [notice] 1#1: start worker process 32
2025/11/16 07:10:26 [notice] 1#1: signal 3 (SIGQUIT) received, shutting down
2025/11/16 07:10:26 [notice] 29#29: gracefully shutting down
2025/11/16 07:10:26 [notice] 31#31: gracefully shutting down
2025/11/16 07:10:26 [notice] 29#29: exiting
2025/11/16 07:10:26 [notice] 31#31: exiting
2025/11/16 07:10:26 [notice] 29#29: exit
2025/11/16 07:10:26 [notice] 31#31: exit
2025/11/16 07:10:26 [notice] 30#30: gracefully shutting down
2025/11/16 07:10:26 [notice] 30#30: exiting
2025/11/16 07:10:26 [notice] 32#32: gracefully shutting down
2025/11/16 07:10:26 [notice] 32#32: exiting
2025/11/16 07:10:26 [notice] 30#30: exit
2025/11/16 07:10:26 [notice] 32#32: exit
2025/11/16 07:10:26 [notice] 1#1: signal 17 (SIGCHLD) received from 29
2025/11/16 07:10:26 [notice] 1#1: worker process 29 exited with code 0
2025/11/16 07:10:26 [notice] 1#1: signal 29 (SIGIO) received
2025/11/16 07:10:26 [notice] 1#1: signal 17 (SIGCHLD) received from 30
2025/11/16 07:10:26 [notice] 1#1: worker process 30 exited with code 0
2025/11/16 07:10:26 [notice] 1#1: worker process 31 exited with code 0
2025/11/16 07:10:26 [notice] 1#1: signal 17 (SIGCHLD) received from 31
2025/11/16 07:10:26 [notice] 1#1: worker process 32 exited with code 0
2025/11/16 07:10:26 [notice] 1#1: exit
2025/11/17 12:13:05 [notice] 1#1: using the "epoll" event method
2025/11/17 12:13:05 [notice] 1#1: nginx/1.24.0
2025/11/17 12:13:05 [notice] 1#1: built by gcc 12.2.1 20220924 (Alpine 12.2.1_git20220924-r4) 
2025/11/17 12:13:05 [notice] 1#1: OS: Linux 3.10.0-1160.el7.x86_64
2025/11/17 12:13:05 [notice] 1#1: getrlimit(RLIMIT_NOFILE): 1048576:1048576
2025/11/17 12:13:05 [notice] 1#1: start worker processes
2025/11/17 12:13:05 [notice] 1#1: start worker process 29
2025/11/17 12:13:05 [notice] 1#1: start worker process 30
2025/11/17 12:13:05 [notice] 1#1: start worker process 31
2025/11/17 12:13:05 [notice] 1#1: start worker process 32
2025/11/17 12:13:33 [error] 29#29: *1 open() "/usr/share/nginx/html/favicon.ico" failed (2: No such file or directory), client: 192.168.200.1, server: localhost, request: "GET /favicon.ico HTTP/1.1", host: "192.168.200.143", referrer: "http://192.168.200.143/"
2025/11/17 12:13:33 [error] 29#29: *1 open() "/usr/share/nginx/html/404.html" failed (2: No such file or directory), client: 192.168.200.1, server: localhost, request: "GET /favicon.ico HTTP/1.1", host: "192.168.200.143", referrer: "http://192.168.200.143/"
2025/11/17 12:13:46 [notice] 1#1: signal 3 (SIGQUIT) received, shutting down
2025/11/17 12:13:46 [notice] 29#29: gracefully shutting down
2025/11/17 12:13:46 [notice] 30#30: gracefully shutting down
2025/11/17 12:13:46 [notice] 31#31: gracefully shutting down
2025/11/17 12:13:46 [notice] 31#31: exiting
2025/11/17 12:13:46 [notice] 29#29: exiting
2025/11/17 12:13:46 [notice] 31#31: exit
2025/11/17 12:13:46 [notice] 29#29: exit
2025/11/17 12:13:46 [notice] 32#32: gracefully shutting down
2025/11/17 12:13:46 [notice] 32#32: exiting
2025/11/17 12:13:46 [notice] 32#32: exit
2025/11/17 12:13:46 [notice] 1#1: signal 17 (SIGCHLD) received from 32
2025/11/17 12:13:46 [notice] 1#1: worker process 29 exited with code 0
2025/11/17 12:13:46 [notice] 1#1: worker process 32 exited with code 0
2025/11/17 12:13:46 [notice] 1#1: signal 29 (SIGIO) received
2025/11/17 12:13:46 [notice] 1#1: signal 17 (SIGCHLD) received from 31
2025/11/17 12:13:46 [notice] 1#1: worker process 31 exited with code 0
2025/11/17 12:13:46 [notice] 1#1: signal 29 (SIGIO) received
2025/11/17 12:14:41 [notice] 1#1: using the "epoll" event method
2025/11/17 12:14:41 [notice] 1#1: nginx/1.24.0
2025/11/17 12:14:41 [notice] 1#1: built by gcc 12.2.1 20220924 (Alpine 12.2.1_git20220924-r4) 
2025/11/17 12:14:41 [notice] 1#1: OS: Linux 3.10.0-1160.el7.x86_64
2025/11/17 12:14:41 [notice] 1#1: getrlimit(RLIMIT_NOFILE): 1048576:1048576
2025/11/17 12:14:41 [notice] 1#1: start worker processes
2025/11/17 12:14:41 [notice] 1#1: start worker process 29
2025/11/17 12:14:41 [notice] 1#1: start worker process 30
2025/11/17 12:14:41 [notice] 1#1: start worker process 31
2025/11/17 12:14:41 [notice] 1#1: start worker process 32
2025/11/17 12:16:45 [notice] 1#1: signal 3 (SIGQUIT) received, shutting down
2025/11/17 12:16:45 [notice] 30#30: gracefully shutting down
2025/11/17 12:16:45 [notice] 31#31: gracefully shutting down
2025/11/17 12:16:45 [notice] 30#30: exiting
2025/11/17 12:16:45 [notice] 32#32: gracefully shutting down
2025/11/17 12:16:45 [notice] 31#31: exiting
2025/11/17 12:16:45 [notice] 32#32: exiting
2025/11/17 12:16:45 [notice] 30#30: exit
2025/11/17 12:16:45 [notice] 31#31: exit
2025/11/17 12:16:45 [notice] 32#32: exit
2025/11/17 12:16:45 [notice] 29#29: gracefully shutting down
2025/11/17 12:16:45 [notice] 29#29: exiting
2025/11/17 12:16:45 [notice] 29#29: exit
2025/11/17 12:16:45 [notice] 1#1: signal 17 (SIGCHLD) received from 31
2025/11/17 12:16:45 [notice] 1#1: worker process 31 exited with code 0
2025/11/17 12:16:45 [notice] 1#1: signal 29 (SIGIO) received
2025/11/17 12:16:45 [notice] 1#1: signal 17 (SIGCHLD) received from 32
2025/11/17 12:16:45 [notice] 1#1: worker process 32 exited with code 0
2025/11/17 12:16:45 [notice] 1#1: worker process 30 exited with code 0
2025/11/17 12:16:45 [notice] 1#1: signal 29 (SIGIO) received
2025/11/17 12:16:45 [notice] 1#1: signal 17 (SIGCHLD) received from 30
2025/11/17 12:16:45 [notice] 1#1: worker process 29 exited with code 0
2025/11/17 12:16:45 [notice] 1#1: exit
2025/11/17 12:17:14 [notice] 1#1: using the "epoll" event method
2025/11/17 12:17:14 [notice] 1#1: nginx/1.24.0
2025/11/17 12:17:14 [notice] 1#1: built by gcc 12.2.1 20220924 (Alpine 12.2.1_git20220924-r4) 
2025/11/17 12:17:14 [notice] 1#1: OS: Linux 3.10.0-1160.el7.x86_64
2025/11/17 12:17:14 [notice] 1#1: getrlimit(RLIMIT_NOFILE): 1048576:1048576
2025/11/17 12:17:14 [notice] 1#1: start worker processes
2025/11/17 12:17:14 [notice] 1#1: start worker process 30
2025/11/17 12:17:14 [notice] 1#1: start worker process 31
2025/11/17 12:17:14 [notice] 1#1: start worker process 32
2025/11/17 12:17:14 [notice] 1#1: start worker process 33
2025/11/17 12:25:26 [notice] 1#1: signal 3 (SIGQUIT) received, shutting down
2025/11/17 12:25:26 [notice] 30#30: gracefully shutting down
2025/11/17 12:25:26 [notice] 30#30: exiting
2025/11/17 12:25:26 [notice] 31#31: gracefully shutting down
2025/11/17 12:25:26 [notice] 30#30: exit
2025/11/17 12:25:26 [notice] 31#31: exiting
2025/11/17 12:25:26 [notice] 31#31: exit
2025/11/17 12:25:26 [notice] 32#32: gracefully shutting down
2025/11/17 12:25:26 [notice] 32#32: exiting
2025/11/17 12:25:26 [notice] 32#32: exit
2025/11/17 12:25:26 [notice] 33#33: gracefully shutting down
2025/11/17 12:25:26 [notice] 33#33: exiting
2025/11/17 12:25:26 [notice] 33#33: exit
2025/11/17 12:25:26 [notice] 1#1: signal 17 (SIGCHLD) received from 33
2025/11/17 12:25:26 [notice] 1#1: worker process 30 exited with code 0
2025/11/17 12:25:26 [notice] 1#1: worker process 32 exited with code 0
2025/11/17 12:25:26 [notice] 1#1: worker process 33 exited with code 0
2025/11/17 12:25:26 [notice] 1#1: signal 29 (SIGIO) received
2025/11/17 12:25:26 [notice] 1#1: signal 17 (SIGCHLD) received from 32
2025/11/17 12:25:26 [notice] 1#1: signal 17 (SIGCHLD) received from 31
2025/11/17 12:25:26 [notice] 1#1: worker process 31 exited with code 0
2025/11/17 12:25:26 [notice] 1#1: exit
2025/11/18 05:39:51 [notice] 1#1: using the "epoll" event method
2025/11/18 05:39:51 [notice] 1#1: nginx/1.24.0
2025/11/18 05:39:51 [notice] 1#1: built by gcc 12.2.1 20220924 (Alpine 12.2.1_git20220924-r4) 
2025/11/18 05:39:51 [notice] 1#1: OS: Linux 3.10.0-1160.el7.x86_64
2025/11/18 05:39:51 [notice] 1#1: getrlimit(RLIMIT_NOFILE): 1048576:1048576
2025/11/18 05:39:51 [notice] 1#1: start worker processes
2025/11/18 05:39:51 [notice] 1#1: start worker process 29
2025/11/18 05:39:51 [notice] 1#1: start worker process 30
2025/11/18 05:39:51 [notice] 1#1: start worker process 31
2025/11/18 05:39:51 [notice] 1#1: start worker process 32
2025/11/18 05:40:35 [notice] 1#1: signal 3 (SIGQUIT) received, shutting down
2025/11/18 05:40:35 [notice] 30#30: gracefully shutting down
2025/11/18 05:40:35 [notice] 29#29: gracefully shutting down
2025/11/18 05:40:35 [notice] 30#30: exiting
2025/11/18 05:40:35 [notice] 29#29: exiting
2025/11/18 05:40:35 [notice] 30#30: exit
2025/11/18 05:40:35 [notice] 29#29: exit
2025/11/18 05:40:35 [notice] 31#31: gracefully shutting down
2025/11/18 05:40:35 [notice] 31#31: exiting
2025/11/18 05:40:35 [notice] 32#32: gracefully shutting down
2025/11/18 05:40:35 [notice] 31#31: exit
2025/11/18 05:40:35 [notice] 32#32: exiting
2025/11/18 05:40:35 [notice] 32#32: exit
2025/11/18 05:40:35 [notice] 1#1: signal 17 (SIGCHLD) received from 29
2025/11/18 05:40:35 [notice] 1#1: worker process 29 exited with code 0
2025/11/18 05:40:35 [notice] 1#1: worker process 32 exited with code 0
2025/11/18 05:40:35 [notice] 1#1: signal 29 (SIGIO) received
2025/11/18 05:40:35 [notice] 1#1: signal 17 (SIGCHLD) received from 31
2025/11/18 05:40:35 [notice] 1#1: worker process 30 exited with code 0
2025/11/18 05:40:35 [notice] 1#1: worker process 31 exited with code 0
2025/11/18 05:40:35 [notice] 1#1: exit
2025/11/18 05:42:15 [notice] 1#1: using the "epoll" event method
2025/11/18 05:42:15 [notice] 1#1: nginx/1.24.0
2025/11/18 05:42:15 [notice] 1#1: built by gcc 12.2.1 20220924 (Alpine 12.2.1_git20220924-r4) 
2025/11/18 05:42:15 [notice] 1#1: OS: Linux 3.10.0-1160.el7.x86_64
2025/11/18 05:42:15 [notice] 1#1: getrlimit(RLIMIT_NOFILE): 1048576:1048576
2025/11/18 05:42:15 [notice] 1#1: start worker processes
2025/11/18 05:42:15 [notice] 1#1: start worker process 29
2025/11/18 05:42:15 [notice] 1#1: start worker process 30
2025/11/18 05:42:15 [notice] 1#1: start worker process 31
2025/11/18 05:42:15 [notice] 1#1: start worker process 32
2025/11/18 05:42:24 [notice] 1#1: signal 3 (SIGQUIT) received, shutting down
2025/11/18 05:42:24 [notice] 30#30: gracefully shutting down
2025/11/18 05:42:24 [notice] 30#30: exiting
2025/11/18 05:42:24 [notice] 31#31: gracefully shutting down
2025/11/18 05:42:24 [notice] 31#31: exiting
2025/11/18 05:42:24 [notice] 30#30: exit
2025/11/18 05:42:24 [notice] 31#31: exit
2025/11/18 05:42:24 [notice] 29#29: gracefully shutting down
2025/11/18 05:42:24 [notice] 29#29: exiting
2025/11/18 05:42:24 [notice] 29#29: exit
2025/11/18 05:42:24 [notice] 32#32: gracefully shutting down
2025/11/18 05:42:24 [notice] 32#32: exiting
2025/11/18 05:42:24 [notice] 32#32: exit
2025/11/18 05:42:24 [notice] 1#1: signal 17 (SIGCHLD) received from 31
2025/11/18 05:42:24 [notice] 1#1: worker process 31 exited with code 0
2025/11/18 05:42:24 [notice] 1#1: signal 29 (SIGIO) received
2025/11/18 05:42:24 [notice] 1#1: signal 17 (SIGCHLD) received from 30
2025/11/18 05:42:24 [notice] 1#1: worker process 29 exited with code 0
2025/11/18 05:42:24 [notice] 1#1: worker process 30 exited with code 0
2025/11/18 05:42:24 [notice] 1#1: worker process 32 exited with code 0
2025/11/18 05:42:24 [notice] 1#1: exit
2025/11/18 07:02:29 [notice] 1#1: using the "epoll" event method
2025/11/18 07:02:29 [notice] 1#1: nginx/1.24.0
2025/11/18 07:02:29 [notice] 1#1: built by gcc 12.2.1 20220924 (Alpine 12.2.1_git20220924-r4) 
2025/11/18 07:02:29 [notice] 1#1: OS: Linux 3.10.0-1160.el7.x86_64
2025/11/18 07:02:29 [notice] 1#1: getrlimit(RLIMIT_NOFILE): 1048576:1048576
2025/11/18 07:02:29 [notice] 1#1: start worker processes
2025/11/18 07:02:29 [notice] 1#1: start worker process 29
2025/11/18 07:02:29 [notice] 1#1: start worker process 30
2025/11/18 07:02:29 [notice] 1#1: start worker process 31
2025/11/18 07:02:29 [notice] 1#1: start worker process 32
2025/11/18 07:08:58 [error] 29#29: *1 open() "/usr/share/nginx/html/favicon.ico" failed (2: No such file or directory), client: 192.168.200.1, server: localhost, request: "GET /favicon.ico HTTP/1.1", host: "192.168.200.143", referrer: "http://192.168.200.143/"
2025/11/18 07:08:58 [error] 29#29: *1 open() "/usr/share/nginx/html/404.html" failed (2: No such file or directory), client: 192.168.200.1, server: localhost, request: "GET /favicon.ico HTTP/1.1", host: "192.168.200.143", referrer: "http://192.168.200.143/"
2025/11/18 07:09:31 [notice] 1#1: signal 3 (SIGQUIT) received, shutting down
2025/11/18 07:09:31 [notice] 30#30: gracefully shutting down
2025/11/18 07:09:31 [notice] 30#30: exiting
2025/11/18 07:09:31 [notice] 29#29: gracefully shutting down
2025/11/18 07:09:31 [notice] 29#29: exiting
2025/11/18 07:09:31 [notice] 30#30: exit
2025/11/18 07:09:31 [notice] 29#29: exit
2025/11/18 07:09:31 [notice] 32#32: gracefully shutting down
2025/11/18 07:09:31 [notice] 32#32: exiting
2025/11/18 07:09:31 [notice] 32#32: exit
2025/11/18 07:09:31 [notice] 31#31: gracefully shutting down
2025/11/18 07:09:31 [notice] 31#31: exiting
2025/11/18 07:09:31 [notice] 31#31: exit
2025/11/18 07:09:31 [notice] 1#1: signal 17 (SIGCHLD) received from 29
2025/11/18 07:09:31 [notice] 1#1: worker process 29 exited with code 0
2025/11/18 07:09:31 [notice] 1#1: signal 29 (SIGIO) received
2025/11/18 07:09:31 [notice] 1#1: signal 17 (SIGCHLD) received from 31
2025/11/18 07:09:31 [notice] 1#1: worker process 31 exited with code 0
2025/11/18 07:09:31 [notice] 1#1: signal 29 (SIGIO) received
2025/11/18 07:09:31 [notice] 1#1: signal 17 (SIGCHLD) received from 32
2025/11/18 07:09:31 [notice] 1#1: worker process 32 exited with code 0
2025/11/18 07:09:31 [notice] 1#1: signal 29 (SIGIO) received
2025/11/18 07:09:31 [notice] 1#1: signal 17 (SIGCHLD) received from 30
2025/11/18 07:09:31 [notice] 1#1: worker process 30 exited with code 0
2025/11/18 07:09:31 [notice] 1#1: exit
2025/11/20 15:52:43 [notice] 1#1: using the "epoll" event method
2025/11/20 15:52:43 [notice] 1#1: nginx/1.24.0
2025/11/20 15:52:43 [notice] 1#1: built by gcc 12.2.1 20220924 (Alpine 12.2.1_git20220924-r4) 
2025/11/20 15:52:43 [notice] 1#1: OS: Linux 3.10.0-1160.el7.x86_64
2025/11/20 15:52:43 [notice] 1#1: getrlimit(RLIMIT_NOFILE): 1048576:1048576
2025/11/20 15:52:43 [notice] 1#1: start worker processes
2025/11/20 15:52:43 [notice] 1#1: start worker process 29
2025/11/20 15:52:43 [notice] 1#1: start worker process 30
2025/11/20 15:52:43 [notice] 1#1: start worker process 31
2025/11/20 15:52:43 [notice] 1#1: start worker process 32
2025/11/20 17:11:18 [notice] 1#1: signal 3 (SIGQUIT) received, shutting down
2025/11/20 17:11:18 [notice] 29#29: gracefully shutting down
2025/11/20 17:11:18 [notice] 32#32: gracefully shutting down
2025/11/20 17:11:18 [notice] 30#30: gracefully shutting down
2025/11/20 17:11:18 [notice] 32#32: exiting
2025/11/20 17:11:18 [notice] 30#30: exiting
2025/11/20 17:11:18 [notice] 29#29: exiting
2025/11/20 17:11:18 [notice] 30#30: exit
2025/11/20 17:11:18 [notice] 29#29: exit
2025/11/20 17:11:18 [notice] 32#32: exit
2025/11/20 17:11:19 [notice] 31#31: gracefully shutting down
2025/11/20 17:11:19 [notice] 31#31: exiting
2025/11/20 17:11:19 [notice] 31#31: exit
2025/11/20 17:11:19 [notice] 1#1: signal 17 (SIGCHLD) received from 29
2025/11/20 17:11:19 [notice] 1#1: worker process 29 exited with code 0
2025/11/20 17:11:19 [notice] 1#1: worker process 30 exited with code 0
2025/11/20 17:11:19 [notice] 1#1: worker process 31 exited with code 0
2025/11/20 17:11:19 [notice] 1#1: signal 29 (SIGIO) received
2025/11/20 17:11:19 [notice] 1#1: signal 17 (SIGCHLD) received from 32
2025/11/20 17:11:19 [notice] 1#1: worker process 32 exited with code 0
2025/11/20 17:11:19 [notice] 1#1: exit
2025/11/23 09:48:10 [notice] 1#1: using the "epoll" event method
2025/11/23 09:48:10 [notice] 1#1: nginx/1.24.0
2025/11/23 09:48:10 [notice] 1#1: built by gcc 12.2.1 20220924 (Alpine 12.2.1_git20220924-r4) 
2025/11/23 09:48:10 [notice] 1#1: OS: Linux 3.10.0-1160.el7.x86_64
2025/11/23 09:48:10 [notice] 1#1: getrlimit(RLIMIT_NOFILE): 1048576:1048576
2025/11/23 09:48:10 [notice] 1#1: start worker processes
2025/11/23 09:48:10 [notice] 1#1: start worker process 29
2025/11/23 09:48:10 [notice] 1#1: start worker process 30
2025/11/23 09:48:10 [notice] 1#1: start worker process 31
2025/11/23 09:48:10 [notice] 1#1: start worker process 32
2025/11/23 10:41:06 [notice] 1#1: signal 3 (SIGQUIT) received, shutting down
2025/11/23 10:41:06 [notice] 29#29: gracefully shutting down
2025/11/23 10:41:06 [notice] 29#29: exiting
2025/11/23 10:41:06 [notice] 30#30: gracefully shutting down
2025/11/23 10:41:06 [notice] 30#30: exiting
2025/11/23 10:41:06 [notice] 29#29: exit
2025/11/23 10:41:06 [notice] 30#30: exit
2025/11/23 10:41:06 [notice] 32#32: gracefully shutting down
2025/11/23 10:41:06 [notice] 32#32: exiting
2025/11/23 10:41:06 [notice] 32#32: exit
2025/11/23 10:41:06 [notice] 31#31: gracefully shutting down
2025/11/23 10:41:06 [notice] 31#31: exiting
2025/11/23 10:41:06 [notice] 31#31: exit
2025/11/23 10:41:06 [notice] 1#1: signal 17 (SIGCHLD) received from 30
2025/11/23 10:41:06 [notice] 1#1: worker process 30 exited with code 0
2025/11/23 10:41:06 [notice] 1#1: signal 29 (SIGIO) received
2025/11/23 10:41:06 [notice] 1#1: signal 17 (SIGCHLD) received from 29
2025/11/23 10:41:06 [notice] 1#1: worker process 29 exited with code 0
2025/11/23 10:41:06 [notice] 1#1: signal 29 (SIGIO) received
2025/11/23 10:41:06 [notice] 1#1: signal 17 (SIGCHLD) received from 32
2025/11/23 10:41:06 [notice] 1#1: worker process 31 exited with code 0
2025/11/23 10:41:06 [notice] 1#1: worker process 32 exited with code 0
2025/11/23 10:41:06 [notice] 1#1: exit
2025/11/23 15:24:51 [notice] 1#1: using the "epoll" event method
2025/11/23 15:24:51 [notice] 1#1: nginx/1.24.0
2025/11/23 15:24:51 [notice] 1#1: built by gcc 12.2.1 20220924 (Alpine 12.2.1_git20220924-r4) 
2025/11/23 15:24:51 [notice] 1#1: OS: Linux 3.10.0-1160.el7.x86_64
2025/11/23 15:24:51 [notice] 1#1: getrlimit(RLIMIT_NOFILE): 1048576:1048576
2025/11/23 15:24:51 [notice] 1#1: start worker processes
2025/11/23 15:24:51 [notice] 1#1: start worker process 29
2025/11/23 15:24:51 [notice] 1#1: start worker process 30
2025/11/23 15:24:51 [notice] 1#1: start worker process 31
2025/11/23 15:24:51 [notice] 1#1: start worker process 32
2025/11/23 15:50:21 [error] 30#30: *1 open() "/usr/share/nginx/html/favicon.ico" failed (2: No such file or directory), client: 192.168.200.1, server: localhost, request: "GET /favicon.ico HTTP/1.1", host: "192.168.200.143", referrer: "http://192.168.200.143/"
2025/11/23 15:50:21 [error] 30#30: *1 open() "/usr/share/nginx/html/404.html" failed (2: No such file or directory), client: 192.168.200.1, server: localhost, request: "GET /favicon.ico HTTP/1.1", host: "192.168.200.143", referrer: "http://192.168.200.143/"
2025/11/23 16:26:45 [notice] 1#1: signal 3 (SIGQUIT) received, shutting down
2025/11/23 16:26:45 [notice] 29#29: gracefully shutting down
2025/11/23 16:26:45 [notice] 32#32: gracefully shutting down
2025/11/23 16:26:45 [notice] 29#29: exiting
2025/11/23 16:26:45 [notice] 32#32: exiting
2025/11/23 16:26:45 [notice] 31#31: gracefully shutting down
2025/11/23 16:26:45 [notice] 32#32: exit
2025/11/23 16:26:45 [notice] 31#31: exiting
2025/11/23 16:26:45 [notice] 31#31: exit
2025/11/23 16:26:45 [notice] 29#29: exit
2025/11/23 16:26:45 [notice] 30#30: gracefully shutting down
2025/11/23 16:26:45 [notice] 30#30: exiting
2025/11/23 16:26:45 [notice] 30#30: exit
2025/11/23 16:26:45 [notice] 1#1: signal 17 (SIGCHLD) received from 32
2025/11/23 16:26:45 [notice] 1#1: worker process 30 exited with code 0
2025/11/23 16:26:45 [notice] 1#1: worker process 32 exited with code 0
2025/11/23 16:26:45 [notice] 1#1: signal 29 (SIGIO) received
2025/11/23 16:26:45 [notice] 1#1: signal 17 (SIGCHLD) received from 29
2025/11/23 16:26:45 [notice] 1#1: worker process 29 exited with code 0
2025/11/23 16:26:45 [notice] 1#1: worker process 31 exited with code 0
2025/11/23 16:26:45 [notice] 1#1: exit
2025/11/23 16:27:40 [notice] 1#1: using the "epoll" event method
2025/11/23 16:27:40 [notice] 1#1: nginx/1.24.0
2025/11/23 16:27:40 [notice] 1#1: built by gcc 12.2.1 20220924 (Alpine 12.2.1_git20220924-r4) 
2025/11/23 16:27:40 [notice] 1#1: OS: Linux 3.10.0-1160.el7.x86_64
2025/11/23 16:27:40 [notice] 1#1: getrlimit(RLIMIT_NOFILE): 1048576:1048576
2025/11/23 16:27:40 [notice] 1#1: start worker processes
2025/11/23 16:27:40 [notice] 1#1: start worker process 29
2025/11/23 16:27:40 [notice] 1#1: start worker process 30
2025/11/23 16:27:40 [notice] 1#1: start worker process 31
2025/11/23 16:27:40 [notice] 1#1: start worker process 32
2025/11/23 16:28:23 [notice] 1#1: signal 3 (SIGQUIT) received, shutting down
2025/11/23 16:28:23 [notice] 31#31: gracefully shutting down
2025/11/23 16:28:23 [notice] 29#29: gracefully shutting down
2025/11/23 16:28:23 [notice] 29#29: exiting
2025/11/23 16:28:23 [notice] 31#31: exiting
2025/11/23 16:28:23 [notice] 32#32: gracefully shutting down
2025/11/23 16:28:23 [notice] 32#32: exiting
2025/11/23 16:28:23 [notice] 30#30: gracefully shutting down
2025/11/23 16:28:23 [notice] 32#32: exit
2025/11/23 16:28:23 [notice] 29#29: exit
2025/11/23 16:28:23 [notice] 30#30: exiting
2025/11/23 16:28:23 [notice] 30#30: exit
2025/11/23 16:28:23 [notice] 31#31: exit
2025/11/23 16:28:23 [notice] 1#1: signal 17 (SIGCHLD) received from 32
2025/11/23 16:28:23 [notice] 1#1: worker process 31 exited with code 0
2025/11/23 16:28:23 [notice] 1#1: worker process 32 exited with code 0
2025/11/23 16:28:23 [notice] 1#1: signal 29 (SIGIO) received
2025/11/23 16:28:23 [notice] 1#1: signal 17 (SIGCHLD) received from 30
2025/11/23 16:28:23 [notice] 1#1: worker process 30 exited with code 0
2025/11/23 16:28:23 [notice] 1#1: signal 17 (SIGCHLD) received from 29
2025/11/23 16:28:23 [notice] 1#1: worker process 29 exited with code 0
2025/11/23 16:28:23 [notice] 1#1: exit
2025/11/23 16:28:57 [notice] 1#1: using the "epoll" event method
2025/11/23 16:28:57 [notice] 1#1: nginx/1.24.0
2025/11/23 16:28:57 [notice] 1#1: built by gcc 12.2.1 20220924 (Alpine 12.2.1_git20220924-r4) 
2025/11/23 16:28:57 [notice] 1#1: OS: Linux 3.10.0-1160.el7.x86_64
2025/11/23 16:28:57 [notice] 1#1: getrlimit(RLIMIT_NOFILE): 1048576:1048576
2025/11/23 16:28:57 [notice] 1#1: start worker processes
2025/11/23 16:28:57 [notice] 1#1: start worker process 29
2025/11/23 16:28:57 [notice] 1#1: start worker process 30
2025/11/23 16:28:57 [notice] 1#1: start worker process 31
2025/11/23 16:28:57 [notice] 1#1: start worker process 32
2025/11/23 16:29:10 [notice] 1#1: signal 3 (SIGQUIT) received, shutting down
2025/11/23 16:29:10 [notice] 30#30: gracefully shutting down
2025/11/23 16:29:10 [notice] 29#29: gracefully shutting down
2025/11/23 16:29:10 [notice] 31#31: gracefully shutting down
2025/11/23 16:29:10 [notice] 31#31: exiting
2025/11/23 16:29:10 [notice] 31#31: exit
2025/11/23 16:29:10 [notice] 32#32: gracefully shutting down
2025/11/23 16:29:10 [notice] 32#32: exiting
2025/11/23 16:29:10 [notice] 32#32: exit
2025/11/23 16:29:10 [notice] 1#1: signal 17 (SIGCHLD) received from 32
2025/11/23 16:29:10 [notice] 1#1: worker process 32 exited with code 0
2025/11/23 16:29:10 [notice] 1#1: signal 29 (SIGIO) received
2025/11/23 16:29:10 [notice] 1#1: signal 17 (SIGCHLD) received from 31
2025/11/23 16:29:10 [notice] 1#1: worker process 31 exited with code 0
2025/11/23 16:29:10 [notice] 1#1: signal 29 (SIGIO) received
2025/11/23 16:30:10 [notice] 1#1: using the "epoll" event method
2025/11/23 16:30:10 [notice] 1#1: nginx/1.24.0
2025/11/23 16:30:10 [notice] 1#1: built by gcc 12.2.1 20220924 (Alpine 12.2.1_git20220924-r4) 
2025/11/23 16:30:10 [notice] 1#1: OS: Linux 3.10.0-1160.el7.x86_64
2025/11/23 16:30:10 [notice] 1#1: getrlimit(RLIMIT_NOFILE): 1048576:1048576
2025/11/23 16:30:10 [notice] 1#1: start worker processes
2025/11/23 16:30:10 [notice] 1#1: start worker process 29
2025/11/23 16:30:10 [notice] 1#1: start worker process 30
2025/11/23 16:30:10 [notice] 1#1: start worker process 31
2025/11/23 16:30:10 [notice] 1#1: start worker process 32
2025/11/23 16:30:40 [notice] 1#1: signal 3 (SIGQUIT) received, shutting down
2025/11/23 16:30:40 [notice] 32#32: gracefully shutting down
2025/11/23 16:30:40 [notice] 32#32: exiting
2025/11/23 16:30:40 [notice] 32#32: exit
2025/11/23 16:30:40 [notice] 29#29: gracefully shutting down
2025/11/23 16:30:40 [notice] 30#30: gracefully shutting down
2025/11/23 16:30:40 [notice] 31#31: gracefully shutting down
2025/11/23 16:30:40 [notice] 31#31: exiting
2025/11/23 16:30:40 [notice] 31#31: exit
2025/11/23 16:30:40 [notice] 1#1: signal 17 (SIGCHLD) received from 31
2025/11/23 16:30:40 [notice] 1#1: worker process 31 exited with code 0
2025/11/23 16:30:40 [notice] 1#1: signal 29 (SIGIO) received
2025/11/23 16:30:40 [notice] 1#1: signal 17 (SIGCHLD) received from 32
2025/11/23 16:30:40 [notice] 1#1: worker process 32 exited with code 0
2025/11/23 16:30:40 [notice] 1#1: signal 29 (SIGIO) received
2025/11/24 09:46:12 [notice] 1#1: using the "epoll" event method
2025/11/24 09:46:12 [notice] 1#1: nginx/1.24.0
2025/11/24 09:46:12 [notice] 1#1: built by gcc 12.2.1 20220924 (Alpine 12.2.1_git20220924-r4) 
2025/11/24 09:46:12 [notice] 1#1: OS: Linux 3.10.0-1160.el7.x86_64
2025/11/24 09:46:12 [notice] 1#1: getrlimit(RLIMIT_NOFILE): 1048576:1048576
2025/11/24 09:46:12 [notice] 1#1: start worker processes
2025/11/24 09:46:12 [notice] 1#1: start worker process 29
2025/11/24 09:46:12 [notice] 1#1: start worker process 30
2025/11/24 09:46:12 [notice] 1#1: start worker process 31
2025/11/24 09:46:12 [notice] 1#1: start worker process 32
2025/11/24 10:36:15 [notice] 1#1: signal 3 (SIGQUIT) received, shutting down
2025/11/24 10:36:15 [notice] 29#29: gracefully shutting down
2025/11/24 10:36:15 [notice] 29#29: exiting
2025/11/24 10:36:15 [notice] 32#32: gracefully shutting down
2025/11/24 10:36:15 [notice] 29#29: exit
2025/11/24 10:36:15 [notice] 32#32: exiting
2025/11/24 10:36:15 [notice] 32#32: exit
2025/11/24 10:36:15 [notice] 31#31: gracefully shutting down
2025/11/24 10:36:15 [notice] 31#31: exiting
2025/11/24 10:36:15 [notice] 31#31: exit
2025/11/24 10:36:15 [notice] 30#30: gracefully shutting down
2025/11/24 10:36:15 [notice] 30#30: exiting
2025/11/24 10:36:15 [notice] 30#30: exit
2025/11/24 10:36:15 [notice] 1#1: signal 17 (SIGCHLD) received from 32
2025/11/24 10:36:15 [notice] 1#1: worker process 32 exited with code 0
2025/11/24 10:36:15 [notice] 1#1: signal 29 (SIGIO) received
2025/11/24 10:36:15 [notice] 1#1: signal 17 (SIGCHLD) received from 31
2025/11/24 10:36:15 [notice] 1#1: worker process 29 exited with code 0
2025/11/24 10:36:15 [notice] 1#1: worker process 31 exited with code 0
2025/11/24 10:36:15 [notice] 1#1: signal 29 (SIGIO) received
2025/11/24 10:36:15 [notice] 1#1: signal 17 (SIGCHLD) received from 30
2025/11/24 10:36:15 [notice] 1#1: worker process 30 exited with code 0
2025/11/24 10:36:15 [notice] 1#1: exit
2025/11/24 10:36:16 [notice] 1#1: using the "epoll" event method
2025/11/24 10:36:16 [notice] 1#1: nginx/1.24.0
2025/11/24 10:36:16 [notice] 1#1: built by gcc 12.2.1 20220924 (Alpine 12.2.1_git20220924-r4) 
2025/11/24 10:36:16 [notice] 1#1: OS: Linux 3.10.0-1160.el7.x86_64
2025/11/24 10:36:16 [notice] 1#1: getrlimit(RLIMIT_NOFILE): 1048576:1048576
2025/11/24 10:36:16 [notice] 1#1: start worker processes
2025/11/24 10:36:16 [notice] 1#1: start worker process 29
2025/11/24 10:36:16 [notice] 1#1: start worker process 30
2025/11/24 10:36:16 [notice] 1#1: start worker process 31
2025/11/24 10:36:16 [notice] 1#1: start worker process 32
2025/11/24 10:36:35 [notice] 1#1: signal 3 (SIGQUIT) received, shutting down
2025/11/24 10:36:35 [notice] 32#32: gracefully shutting down
2025/11/24 10:36:35 [notice] 32#32: exiting
2025/11/24 10:36:35 [notice] 32#32: exit
2025/11/24 10:36:35 [notice] 31#31: gracefully shutting down
2025/11/24 10:36:35 [notice] 31#31: exiting
2025/11/24 10:36:35 [notice] 31#31: exit
2025/11/24 10:36:35 [notice] 30#30: gracefully shutting down
2025/11/24 10:36:35 [notice] 30#30: exiting
2025/11/24 10:36:35 [notice] 30#30: exit
2025/11/24 10:36:35 [notice] 29#29: gracefully shutting down
2025/11/24 10:36:35 [notice] 29#29: exiting
2025/11/24 10:36:35 [notice] 29#29: exit
2025/11/24 10:36:35 [notice] 1#1: signal 17 (SIGCHLD) received from 31
2025/11/24 10:36:35 [notice] 1#1: worker process 31 exited with code 0
2025/11/24 10:36:35 [notice] 1#1: worker process 32 exited with code 0
2025/11/24 10:36:35 [notice] 1#1: signal 29 (SIGIO) received
2025/11/24 10:36:35 [notice] 1#1: signal 17 (SIGCHLD) received from 29
2025/11/24 10:36:35 [notice] 1#1: worker process 29 exited with code 0
2025/11/24 10:36:35 [notice] 1#1: worker process 30 exited with code 0
2025/11/24 10:36:35 [notice] 1#1: exit
2025/11/24 10:36:37 [notice] 1#1: using the "epoll" event method
2025/11/24 10:36:37 [notice] 1#1: nginx/1.24.0
2025/11/24 10:36:37 [notice] 1#1: built by gcc 12.2.1 20220924 (Alpine 12.2.1_git20220924-r4) 
2025/11/24 10:36:37 [notice] 1#1: OS: Linux 3.10.0-1160.el7.x86_64
2025/11/24 10:36:37 [notice] 1#1: getrlimit(RLIMIT_NOFILE): 1048576:1048576
2025/11/24 10:36:37 [notice] 1#1: start worker processes
2025/11/24 10:36:37 [notice] 1#1: start worker process 28
2025/11/24 10:36:37 [notice] 1#1: start worker process 29
2025/11/24 10:36:37 [notice] 1#1: start worker process 30
2025/11/24 10:36:37 [notice] 1#1: start worker process 31
2025/11/24 10:38:32 [notice] 1#1: signal 3 (SIGQUIT) received, shutting down
2025/11/24 10:38:32 [notice] 28#28: gracefully shutting down
2025/11/24 10:38:32 [notice] 28#28: exiting
2025/11/24 10:38:32 [notice] 28#28: exit
2025/11/24 10:38:32 [notice] 29#29: gracefully shutting down
2025/11/24 10:38:32 [notice] 29#29: exiting
2025/11/24 10:38:32 [notice] 29#29: exit
2025/11/24 10:38:32 [notice] 30#30: gracefully shutting down
2025/11/24 10:38:32 [notice] 30#30: exiting
2025/11/24 10:38:32 [notice] 30#30: exit
2025/11/24 10:38:32 [notice] 31#31: gracefully shutting down
2025/11/24 10:38:32 [notice] 31#31: exiting
2025/11/24 10:38:32 [notice] 31#31: exit
2025/11/24 10:38:32 [notice] 1#1: signal 17 (SIGCHLD) received from 30
2025/11/24 10:38:32 [notice] 1#1: worker process 28 exited with code 0
2025/11/24 10:38:32 [notice] 1#1: worker process 30 exited with code 0
2025/11/24 10:38:32 [notice] 1#1: signal 29 (SIGIO) received
2025/11/24 10:38:32 [notice] 1#1: signal 17 (SIGCHLD) received from 31
2025/11/24 10:38:32 [notice] 1#1: worker process 31 exited with code 0
2025/11/24 10:38:32 [notice] 1#1: signal 29 (SIGIO) received
2025/11/24 10:38:32 [notice] 1#1: signal 17 (SIGCHLD) received from 29
2025/11/24 10:38:32 [notice] 1#1: worker process 29 exited with code 0
2025/11/24 10:38:32 [notice] 1#1: exit
2025/11/24 10:38:34 [notice] 1#1: using the "epoll" event method
2025/11/24 10:38:34 [notice] 1#1: nginx/1.24.0
2025/11/24 10:38:34 [notice] 1#1: built by gcc 12.2.1 20220924 (Alpine 12.2.1_git20220924-r4) 
2025/11/24 10:38:34 [notice] 1#1: OS: Linux 3.10.0-1160.el7.x86_64
2025/11/24 10:38:34 [notice] 1#1: getrlimit(RLIMIT_NOFILE): 1048576:1048576
2025/11/24 10:38:34 [notice] 1#1: start worker processes
2025/11/24 10:38:34 [notice] 1#1: start worker process 29
2025/11/24 10:38:34 [notice] 1#1: start worker process 30
2025/11/24 10:38:34 [notice] 1#1: start worker process 31
2025/11/24 10:38:34 [notice] 1#1: start worker process 32
2025/11/24 10:39:31 [notice] 1#1: signal 3 (SIGQUIT) received, shutting down
2025/11/24 10:39:31 [notice] 31#31: gracefully shutting down
2025/11/24 10:39:31 [notice] 29#29: gracefully shutting down
2025/11/24 10:39:31 [notice] 31#31: exiting
2025/11/24 10:39:31 [notice] 29#29: exiting
2025/11/24 10:39:31 [notice] 29#29: exit
2025/11/24 10:39:31 [notice] 31#31: exit
2025/11/24 10:39:31 [notice] 30#30: gracefully shutting down
2025/11/24 10:39:31 [notice] 30#30: exiting
2025/11/24 10:39:31 [notice] 30#30: exit
2025/11/24 10:39:31 [notice] 32#32: gracefully shutting down
2025/11/24 10:39:31 [notice] 32#32: exiting
2025/11/24 10:39:31 [notice] 32#32: exit
2025/11/24 10:39:31 [notice] 1#1: signal 17 (SIGCHLD) received from 30
2025/11/24 10:39:31 [notice] 1#1: worker process 30 exited with code 0
2025/11/24 10:39:31 [notice] 1#1: signal 29 (SIGIO) received
2025/11/24 10:39:31 [notice] 1#1: signal 17 (SIGCHLD) received from 32
2025/11/24 10:39:31 [notice] 1#1: worker process 32 exited with code 0
2025/11/24 10:39:31 [notice] 1#1: signal 29 (SIGIO) received
2025/11/24 10:39:31 [notice] 1#1: signal 17 (SIGCHLD) received from 29
2025/11/24 10:39:31 [notice] 1#1: worker process 29 exited with code 0
2025/11/24 10:39:31 [notice] 1#1: signal 29 (SIGIO) received
2025/11/24 10:39:31 [notice] 1#1: signal 17 (SIGCHLD) received from 31
2025/11/24 10:39:31 [notice] 1#1: worker process 31 exited with code 0
2025/11/24 10:39:31 [notice] 1#1: exit
2025/11/24 10:39:33 [notice] 1#1: using the "epoll" event method
2025/11/24 10:39:33 [notice] 1#1: nginx/1.24.0
2025/11/24 10:39:33 [notice] 1#1: built by gcc 12.2.1 20220924 (Alpine 12.2.1_git20220924-r4) 
2025/11/24 10:39:33 [notice] 1#1: OS: Linux 3.10.0-1160.el7.x86_64
2025/11/24 10:39:33 [notice] 1#1: getrlimit(RLIMIT_NOFILE): 1048576:1048576
2025/11/24 10:39:33 [notice] 1#1: start worker processes
2025/11/24 10:39:33 [notice] 1#1: start worker process 29
2025/11/24 10:39:33 [notice] 1#1: start worker process 30
2025/11/24 10:39:33 [notice] 1#1: start worker process 31
2025/11/24 10:39:33 [notice] 1#1: start worker process 32
2025/11/24 10:43:58 [notice] 1#1: signal 3 (SIGQUIT) received, shutting down
2025/11/24 10:43:58 [notice] 29#29: gracefully shutting down
2025/11/24 10:43:58 [notice] 31#31: gracefully shutting down
2025/11/24 10:43:58 [notice] 29#29: exiting
2025/11/24 10:43:58 [notice] 31#31: exiting
2025/11/24 10:43:58 [notice] 32#32: gracefully shutting down
2025/11/24 10:43:58 [notice] 32#32: exiting
2025/11/24 10:43:58 [notice] 31#31: exit
2025/11/24 10:43:58 [notice] 32#32: exit
2025/11/24 10:43:58 [notice] 29#29: exit
2025/11/24 10:43:58 [notice] 30#30: gracefully shutting down
2025/11/24 10:43:58 [notice] 30#30: exiting
2025/11/24 10:43:58 [notice] 30#30: exit
2025/11/24 10:43:58 [notice] 1#1: signal 17 (SIGCHLD) received from 30
2025/11/24 10:43:58 [notice] 1#1: worker process 30 exited with code 0
2025/11/24 10:43:58 [notice] 1#1: signal 29 (SIGIO) received
2025/11/24 10:43:58 [notice] 1#1: signal 17 (SIGCHLD) received from 29
2025/11/24 10:43:58 [notice] 1#1: worker process 29 exited with code 0
2025/11/24 10:43:58 [notice] 1#1: signal 29 (SIGIO) received
2025/11/24 10:43:58 [notice] 1#1: signal 17 (SIGCHLD) received from 31
2025/11/24 10:43:58 [notice] 1#1: worker process 31 exited with code 0
2025/11/24 10:43:58 [notice] 1#1: signal 29 (SIGIO) received
2025/11/24 10:43:58 [notice] 1#1: signal 17 (SIGCHLD) received from 32
2025/11/24 10:43:58 [notice] 1#1: worker process 32 exited with code 0
2025/11/24 10:43:58 [notice] 1#1: exit
2025/11/24 10:44:30 [emerg] 1#1: host not found in upstream "backend" in /etc/nginx/conf.d/default.conf:27
2025/11/24 10:44:31 [emerg] 1#1: host not found in upstream "backend" in /etc/nginx/conf.d/default.conf:27
2025/11/24 10:44:31 [emerg] 1#1: host not found in upstream "backend" in /etc/nginx/conf.d/default.conf:27
2025/11/24 10:44:32 [emerg] 1#1: host not found in upstream "backend" in /etc/nginx/conf.d/default.conf:27
2025/11/24 10:44:33 [emerg] 1#1: host not found in upstream "backend" in /etc/nginx/conf.d/default.conf:27
2025/11/24 10:44:35 [emerg] 1#1: host not found in upstream "backend" in /etc/nginx/conf.d/default.conf:27
2025/11/24 10:44:38 [emerg] 1#1: host not found in upstream "backend" in /etc/nginx/conf.d/default.conf:27
2025/11/24 10:44:45 [emerg] 1#1: host not found in upstream "backend" in /etc/nginx/conf.d/default.conf:27
2025/11/24 10:44:58 [emerg] 1#1: host not found in upstream "backend" in /etc/nginx/conf.d/default.conf:27
2025/11/24 10:45:24 [emerg] 1#1: host not found in upstream "backend" in /etc/nginx/conf.d/default.conf:27
2025/11/24 10:46:15 [emerg] 1#1: host not found in upstream "backend" in /etc/nginx/conf.d/default.conf:27
2025/11/24 10:47:16 [emerg] 1#1: host not found in upstream "backend" in /etc/nginx/conf.d/default.conf:27
2025/11/24 10:48:16 [emerg] 1#1: host not found in upstream "backend" in /etc/nginx/conf.d/default.conf:27
2025/11/24 10:48:57 [emerg] 1#1: host not found in upstream "backend" in /etc/nginx/conf.d/default.conf:27
2025/11/24 10:48:57 [emerg] 1#1: host not found in upstream "backend" in /etc/nginx/conf.d/default.conf:27
2025/11/24 10:48:58 [emerg] 1#1: host not found in upstream "backend" in /etc/nginx/conf.d/default.conf:27
2025/11/24 10:48:58 [emerg] 1#1: host not found in upstream "backend" in /etc/nginx/conf.d/default.conf:27
2025/11/24 10:49:00 [emerg] 1#1: host not found in upstream "backend" in /etc/nginx/conf.d/default.conf:27
2025/11/24 10:49:01 [emerg] 1#1: host not found in upstream "backend" in /etc/nginx/conf.d/default.conf:27
2025/11/24 10:49:05 [emerg] 1#1: host not found in upstream "backend" in /etc/nginx/conf.d/default.conf:27
2025/11/24 10:49:11 [emerg] 1#1: host not found in upstream "backend" in /etc/nginx/conf.d/default.conf:27
2025/11/24 10:49:25 [emerg] 1#1: host not found in upstream "backend" in /etc/nginx/conf.d/default.conf:27
2025/11/24 10:49:50 [emerg] 1#1: host not found in upstream "backend" in /etc/nginx/conf.d/default.conf:27
2025/11/24 10:50:42 [emerg] 1#1: host not found in upstream "backend" in /etc/nginx/conf.d/default.conf:27
2025/11/24 10:51:42 [emerg] 1#1: host not found in upstream "backend" in /etc/nginx/conf.d/default.conf:27
2025/11/24 10:52:43 [emerg] 1#1: host not found in upstream "backend" in /etc/nginx/conf.d/default.conf:27
2025/11/24 10:53:45 [emerg] 1#1: host not found in upstream "backend" in /etc/nginx/conf.d/default.conf:27
2025/11/24 10:54:45 [emerg] 1#1: host not found in upstream "backend" in /etc/nginx/conf.d/default.conf:27
2025/11/24 10:55:45 [emerg] 1#1: host not found in upstream "backend" in /etc/nginx/conf.d/default.conf:27
2025/11/24 10:56:46 [emerg] 1#1: host not found in upstream "backend" in /etc/nginx/conf.d/default.conf:27
2025/11/24 10:57:46 [emerg] 1#1: host not found in upstream "backend" in /etc/nginx/conf.d/default.conf:27
2025/11/24 10:58:46 [emerg] 1#1: host not found in upstream "backend" in /etc/nginx/conf.d/default.conf:27
2025/11/24 10:59:47 [emerg] 1#1: host not found in upstream "backend" in /etc/nginx/conf.d/default.conf:27
2025/11/24 11:00:41 [notice] 1#1: using the "epoll" event method
2025/11/24 11:00:41 [notice] 1#1: nginx/1.24.0
2025/11/24 11:00:41 [notice] 1#1: built by gcc 12.2.1 20220924 (Alpine 12.2.1_git20220924-r4) 
2025/11/24 11:00:41 [notice] 1#1: OS: Linux 3.10.0-1160.el7.x86_64
2025/11/24 11:00:41 [notice] 1#1: getrlimit(RLIMIT_NOFILE): 1048576:1048576
2025/11/24 11:00:41 [notice] 1#1: start worker processes
2025/11/24 11:00:41 [notice] 1#1: start worker process 28
2025/11/24 11:00:41 [notice] 1#1: start worker process 29
2025/11/24 11:00:41 [notice] 1#1: start worker process 30
2025/11/24 11:00:41 [notice] 1#1: start worker process 31
2025/11/24 11:01:36 [notice] 1#1: signal 3 (SIGQUIT) received, shutting down
2025/11/24 11:01:36 [notice] 28#28: gracefully shutting down
2025/11/24 11:01:36 [notice] 30#30: gracefully shutting down
2025/11/24 11:01:36 [notice] 28#28: exiting
2025/11/24 11:01:36 [notice] 30#30: exiting
2025/11/24 11:01:36 [notice] 30#30: exit
2025/11/24 11:01:36 [notice] 28#28: exit
2025/11/24 11:01:36 [notice] 29#29: gracefully shutting down
2025/11/24 11:01:36 [notice] 29#29: exiting
2025/11/24 11:01:36 [notice] 29#29: exit
2025/11/24 11:01:36 [notice] 31#31: gracefully shutting down
2025/11/24 11:01:36 [notice] 31#31: exiting
2025/11/24 11:01:36 [notice] 31#31: exit
2025/11/24 11:01:36 [notice] 1#1: signal 17 (SIGCHLD) received from 29
2025/11/24 11:01:36 [notice] 1#1: worker process 28 exited with code 0
2025/11/24 11:01:36 [notice] 1#1: worker process 29 exited with code 0
2025/11/24 11:01:36 [notice] 1#1: signal 29 (SIGIO) received
2025/11/24 11:01:36 [notice] 1#1: signal 17 (SIGCHLD) received from 30
2025/11/24 11:01:36 [notice] 1#1: worker process 30 exited with code 0
2025/11/24 11:01:36 [notice] 1#1: signal 29 (SIGIO) received
2025/11/24 11:01:36 [notice] 1#1: signal 17 (SIGCHLD) received from 31
2025/11/24 11:01:36 [notice] 1#1: worker process 31 exited with code 0
2025/11/24 11:01:36 [notice] 1#1: exit
2025/11/24 11:03:10 [notice] 1#1: using the "epoll" event method
2025/11/24 11:03:10 [notice] 1#1: nginx/1.24.0
2025/11/24 11:03:10 [notice] 1#1: built by gcc 12.2.1 20220924 (Alpine 12.2.1_git20220924-r4) 
2025/11/24 11:03:10 [notice] 1#1: OS: Linux 3.10.0-1160.el7.x86_64
2025/11/24 11:03:10 [notice] 1#1: getrlimit(RLIMIT_NOFILE): 1048576:1048576
2025/11/24 11:03:10 [notice] 1#1: start worker processes
2025/11/24 11:03:10 [notice] 1#1: start worker process 29
2025/11/24 11:03:10 [notice] 1#1: start worker process 30
2025/11/24 11:03:10 [notice] 1#1: start worker process 31
2025/11/24 11:03:10 [notice] 1#1: start worker process 32
2025/11/24 12:40:14 [notice] 1#1: signal 3 (SIGQUIT) received, shutting down
2025/11/24 12:40:14 [notice] 29#29: gracefully shutting down
2025/11/24 12:40:14 [notice] 31#31: gracefully shutting down
2025/11/24 12:40:14 [notice] 31#31: exiting
2025/11/24 12:40:14 [notice] 29#29: exiting
2025/11/24 12:40:14 [notice] 31#31: exit
2025/11/24 12:40:14 [notice] 29#29: exit
2025/11/24 12:40:14 [notice] 32#32: gracefully shutting down
2025/11/24 12:40:14 [notice] 32#32: exiting
2025/11/24 12:40:14 [notice] 32#32: exit
2025/11/24 12:40:14 [notice] 30#30: gracefully shutting down
2025/11/24 12:40:14 [notice] 30#30: exiting
2025/11/24 12:40:14 [notice] 30#30: exit
2025/11/24 12:40:14 [notice] 1#1: signal 17 (SIGCHLD) received from 31
2025/11/24 12:40:14 [notice] 1#1: worker process 31 exited with code 0
2025/11/24 12:40:14 [notice] 1#1: signal 29 (SIGIO) received
2025/11/24 12:40:14 [notice] 1#1: signal 17 (SIGCHLD) received from 32
2025/11/24 12:40:14 [notice] 1#1: worker process 29 exited with code 0
2025/11/24 12:40:14 [notice] 1#1: worker process 32 exited with code 0
2025/11/24 12:40:14 [notice] 1#1: signal 29 (SIGIO) received
2025/11/24 12:40:14 [notice] 1#1: signal 17 (SIGCHLD) received from 29
2025/11/24 12:40:14 [notice] 1#1: signal 17 (SIGCHLD) received from 30
2025/11/24 12:40:14 [notice] 1#1: worker process 30 exited with code 0
2025/11/24 12:40:14 [notice] 1#1: exit
2025/11/25 14:32:37 [emerg] 1#1: host not found in upstream "backend" in /etc/nginx/conf.d/default.conf:27
2025/11/25 14:32:37 [emerg] 1#1: host not found in upstream "backend" in /etc/nginx/conf.d/default.conf:27
2025/11/25 14:32:38 [emerg] 1#1: host not found in upstream "backend" in /etc/nginx/conf.d/default.conf:27
2025/11/25 14:32:38 [emerg] 1#1: host not found in upstream "backend" in /etc/nginx/conf.d/default.conf:27
2025/11/25 14:32:39 [emerg] 1#1: host not found in upstream "backend" in /etc/nginx/conf.d/default.conf:27
2025/11/25 14:32:41 [emerg] 1#1: host not found in upstream "backend" in /etc/nginx/conf.d/default.conf:27
2025/11/25 14:32:45 [emerg] 1#1: host not found in upstream "backend" in /etc/nginx/conf.d/default.conf:27
2025/11/25 14:32:51 [emerg] 1#1: host not found in upstream "backend" in /etc/nginx/conf.d/default.conf:27
2025/11/25 14:33:04 [emerg] 1#1: host not found in upstream "backend" in /etc/nginx/conf.d/default.conf:27
2025/11/25 14:33:30 [emerg] 1#1: host not found in upstream "backend" in /etc/nginx/conf.d/default.conf:27
2025/11/25 14:34:22 [emerg] 1#1: host not found in upstream "backend" in /etc/nginx/conf.d/default.conf:27
2025/11/25 14:35:00 [emerg] 1#1: host not found in upstream "backend" in /etc/nginx/conf.d/default.conf:27
2025/11/25 14:35:00 [emerg] 1#1: host not found in upstream "backend" in /etc/nginx/conf.d/default.conf:27
2025/11/25 14:35:01 [emerg] 1#1: host not found in upstream "backend" in /etc/nginx/conf.d/default.conf:27
2025/11/25 14:35:01 [emerg] 1#1: host not found in upstream "backend" in /etc/nginx/conf.d/default.conf:27
2025/11/25 14:35:02 [emerg] 1#1: host not found in upstream "backend" in /etc/nginx/conf.d/default.conf:27
2025/11/25 14:35:04 [emerg] 1#1: host not found in upstream "backend" in /etc/nginx/conf.d/default.conf:27
2025/11/25 14:35:08 [emerg] 1#1: host not found in upstream "backend" in /etc/nginx/conf.d/default.conf:27
2025/11/25 14:35:14 [emerg] 1#1: host not found in upstream "backend" in /etc/nginx/conf.d/default.conf:27
2025/11/25 14:35:27 [emerg] 1#1: host not found in upstream "backend" in /etc/nginx/conf.d/default.conf:27
2025/11/25 14:35:53 [emerg] 1#1: host not found in upstream "backend" in /etc/nginx/conf.d/default.conf:27
2025/11/25 14:36:45 [emerg] 1#1: host not found in upstream "backend" in /etc/nginx/conf.d/default.conf:27
2025/11/25 14:37:45 [emerg] 1#1: host not found in upstream "backend" in /etc/nginx/conf.d/default.conf:27
2025/11/25 14:38:45 [emerg] 1#1: host not found in upstream "backend" in /etc/nginx/conf.d/default.conf:27
2025/11/25 14:39:46 [emerg] 1#1: host not found in upstream "backend" in /etc/nginx/conf.d/default.conf:27
2025/11/25 14:40:46 [emerg] 1#1: host not found in upstream "backend" in /etc/nginx/conf.d/default.conf:27
2025/11/25 14:41:21 [notice] 1#1: using the "epoll" event method
2025/11/25 14:41:21 [notice] 1#1: nginx/1.24.0
2025/11/25 14:41:21 [notice] 1#1: built by gcc 12.2.1 20220924 (Alpine 12.2.1_git20220924-r4) 
2025/11/25 14:41:21 [notice] 1#1: OS: Linux 3.10.0-1160.el7.x86_64
2025/11/25 14:41:21 [notice] 1#1: getrlimit(RLIMIT_NOFILE): 1048576:1048576
2025/11/25 14:41:21 [notice] 1#1: start worker processes
2025/11/25 14:41:21 [notice] 1#1: start worker process 29
2025/11/25 14:41:21 [notice] 1#1: start worker process 30
2025/11/25 14:41:21 [notice] 1#1: start worker process 31
2025/11/25 14:41:21 [notice] 1#1: start worker process 32
2025/11/25 14:41:34 [error] 29#29: *1 open() "/usr/share/nginx/html/favicon.ico" failed (2: No such file or directory), client: 192.168.200.1, server: localhost, request: "GET /favicon.ico HTTP/1.1", host: "192.168.200.143", referrer: "http://192.168.200.143/"
2025/11/25 14:41:34 [error] 29#29: *1 open() "/usr/share/nginx/html/404.html" failed (2: No such file or directory), client: 192.168.200.1, server: localhost, request: "GET /favicon.ico HTTP/1.1", host: "192.168.200.143", referrer: "http://192.168.200.143/"
2025/11/25 15:06:14 [notice] 1#1: signal 3 (SIGQUIT) received, shutting down
2025/11/25 15:06:14 [notice] 32#32: gracefully shutting down
2025/11/25 15:06:14 [notice] 29#29: gracefully shutting down
2025/11/25 15:06:14 [notice] 32#32: exiting
2025/11/25 15:06:14 [notice] 29#29: exiting
2025/11/25 15:06:14 [notice] 32#32: exit
2025/11/25 15:06:14 [notice] 29#29: exit
2025/11/25 15:06:14 [notice] 31#31: gracefully shutting down
2025/11/25 15:06:14 [notice] 31#31: exiting
2025/11/25 15:06:14 [notice] 31#31: exit
2025/11/25 15:06:14 [notice] 30#30: gracefully shutting down
2025/11/25 15:06:14 [notice] 30#30: exiting
2025/11/25 15:06:14 [notice] 30#30: exit
2025/11/25 15:06:14 [notice] 1#1: signal 17 (SIGCHLD) received from 31
2025/11/25 15:06:14 [notice] 1#1: worker process 31 exited with code 0
2025/11/25 15:06:14 [notice] 1#1: signal 29 (SIGIO) received
2025/11/25 15:06:14 [notice] 1#1: signal 17 (SIGCHLD) received from 29
2025/11/25 15:06:14 [notice] 1#1: worker process 29 exited with code 0
2025/11/25 15:06:14 [notice] 1#1: worker process 30 exited with code 0
2025/11/25 15:06:14 [notice] 1#1: signal 29 (SIGIO) received
2025/11/25 15:06:14 [notice] 1#1: signal 17 (SIGCHLD) received from 32
2025/11/25 15:06:14 [notice] 1#1: worker process 32 exited with code 0
2025/11/25 15:06:14 [notice] 1#1: exit
2025/11/26 11:44:08 [notice] 1#1: using the "epoll" event method
2025/11/26 11:44:08 [notice] 1#1: nginx/1.24.0
2025/11/26 11:44:08 [notice] 1#1: built by gcc 12.2.1 20220924 (Alpine 12.2.1_git20220924-r4) 
2025/11/26 11:44:08 [notice] 1#1: OS: Linux 3.10.0-1160.el7.x86_64
2025/11/26 11:44:08 [notice] 1#1: getrlimit(RLIMIT_NOFILE): 1048576:1048576
2025/11/26 11:44:08 [notice] 1#1: start worker processes
2025/11/26 11:44:08 [notice] 1#1: start worker process 29
2025/11/26 11:44:08 [notice] 1#1: start worker process 30
2025/11/26 11:44:08 [notice] 1#1: start worker process 31
2025/11/26 11:44:08 [notice] 1#1: start worker process 32
2025/11/26 12:00:55 [notice] 1#1: signal 3 (SIGQUIT) received, shutting down
2025/11/26 12:00:55 [notice] 30#30: gracefully shutting down
2025/11/26 12:00:55 [notice] 30#30: exiting
2025/11/26 12:00:55 [notice] 29#29: gracefully shutting down
2025/11/26 12:00:55 [notice] 31#31: gracefully shutting down
2025/11/26 12:00:55 [notice] 31#31: exiting
2025/11/26 12:00:55 [notice] 29#29: exiting
2025/11/26 12:00:55 [notice] 30#30: exit
2025/11/26 12:00:55 [notice] 31#31: exit
2025/11/26 12:00:55 [notice] 29#29: exit
2025/11/26 12:00:55 [notice] 32#32: gracefully shutting down
2025/11/26 12:00:55 [notice] 32#32: exiting
2025/11/26 12:00:55 [notice] 32#32: exit
2025/11/26 12:00:55 [notice] 1#1: signal 17 (SIGCHLD) received from 29
2025/11/26 12:00:55 [notice] 1#1: worker process 29 exited with code 0
2025/11/26 12:00:55 [notice] 1#1: worker process 30 exited with code 0
2025/11/26 12:00:55 [notice] 1#1: worker process 32 exited with code 0
2025/11/26 12:00:55 [notice] 1#1: signal 29 (SIGIO) received
2025/11/26 12:00:55 [notice] 1#1: signal 17 (SIGCHLD) received from 31
2025/11/26 12:00:55 [notice] 1#1: worker process 31 exited with code 0
2025/11/26 12:00:55 [notice] 1#1: exit
2025/11/27 04:30:30 [notice] 1#1: using the "epoll" event method
2025/11/27 04:30:30 [notice] 1#1: nginx/1.24.0
2025/11/27 04:30:30 [notice] 1#1: built by gcc 12.2.1 20220924 (Alpine 12.2.1_git20220924-r4) 
2025/11/27 04:30:30 [notice] 1#1: OS: Linux 3.10.0-1160.el7.x86_64
2025/11/27 04:30:30 [notice] 1#1: getrlimit(RLIMIT_NOFILE): 1048576:1048576
2025/11/27 04:30:30 [notice] 1#1: start worker processes
2025/11/27 04:30:30 [notice] 1#1: start worker process 29
2025/11/27 04:30:30 [notice] 1#1: start worker process 30
2025/11/27 04:30:30 [notice] 1#1: start worker process 31
2025/11/27 04:30:30 [notice] 1#1: start worker process 32
2025/11/27 04:36:17 [notice] 1#1: signal 3 (SIGQUIT) received, shutting down
2025/11/27 04:36:17 [notice] 29#29: gracefully shutting down
2025/11/27 04:36:17 [notice] 31#31: gracefully shutting down
2025/11/27 04:36:17 [notice] 31#31: exiting
2025/11/27 04:36:17 [notice] 29#29: exiting
2025/11/27 04:36:17 [notice] 32#32: gracefully shutting down
2025/11/27 04:36:17 [notice] 30#30: gracefully shutting down
2025/11/27 04:36:17 [notice] 32#32: exiting
2025/11/27 04:36:17 [notice] 29#29: exit
2025/11/27 04:36:17 [notice] 30#30: exiting
2025/11/27 04:36:17 [notice] 30#30: exit
2025/11/27 04:36:17 [notice] 32#32: exit
2025/11/27 04:36:17 [notice] 31#31: exit
2025/11/27 04:36:17 [notice] 1#1: signal 17 (SIGCHLD) received from 30
2025/11/27 04:36:17 [notice] 1#1: worker process 29 exited with code 0
2025/11/27 04:36:17 [notice] 1#1: worker process 30 exited with code 0
2025/11/27 04:36:17 [notice] 1#1: signal 29 (SIGIO) received
2025/11/27 04:36:17 [notice] 1#1: signal 17 (SIGCHLD) received from 31
2025/11/27 04:36:17 [notice] 1#1: worker process 31 exited with code 0
2025/11/27 04:36:17 [notice] 1#1: signal 29 (SIGIO) received
2025/11/27 04:36:17 [notice] 1#1: signal 17 (SIGCHLD) received from 32
2025/11/27 04:36:17 [notice] 1#1: worker process 32 exited with code 0
2025/11/27 04:36:17 [notice] 1#1: exit
2025/11/27 05:27:25 [notice] 1#1: using the "epoll" event method
2025/11/27 05:27:25 [notice] 1#1: nginx/1.24.0
2025/11/27 05:27:25 [notice] 1#1: built by gcc 12.2.1 20220924 (Alpine 12.2.1_git20220924-r4) 
2025/11/27 05:27:25 [notice] 1#1: OS: Linux 3.10.0-1160.el7.x86_64
2025/11/27 05:27:25 [notice] 1#1: getrlimit(RLIMIT_NOFILE): 1048576:1048576
2025/11/27 05:27:25 [notice] 1#1: start worker processes
2025/11/27 05:27:25 [notice] 1#1: start worker process 29
2025/11/27 05:27:25 [notice] 1#1: start worker process 30
2025/11/27 05:27:25 [notice] 1#1: start worker process 31
2025/11/27 05:27:25 [notice] 1#1: start worker process 32
2025/11/27 05:33:55 [notice] 1#1: signal 3 (SIGQUIT) received, shutting down
2025/11/27 05:33:55 [notice] 31#31: gracefully shutting down
2025/11/27 05:33:55 [notice] 31#31: exiting
2025/11/27 05:33:55 [notice] 32#32: gracefully shutting down
2025/11/27 05:33:55 [notice] 32#32: exiting
2025/11/27 05:33:55 [notice] 32#32: exit
2025/11/27 05:33:55 [notice] 31#31: exit
2025/11/27 05:33:55 [notice] 30#30: gracefully shutting down
2025/11/27 05:33:55 [notice] 30#30: exiting
2025/11/27 05:33:55 [notice] 30#30: exit
2025/11/27 05:33:55 [notice] 29#29: gracefully shutting down
2025/11/27 05:33:55 [notice] 29#29: exiting
2025/11/27 05:33:55 [notice] 29#29: exit
2025/11/27 05:33:55 [notice] 1#1: signal 17 (SIGCHLD) received from 31
2025/11/27 05:33:55 [notice] 1#1: worker process 29 exited with code 0
2025/11/27 05:33:55 [notice] 1#1: worker process 31 exited with code 0
2025/11/27 05:33:55 [notice] 1#1: signal 29 (SIGIO) received
2025/11/27 05:33:55 [notice] 1#1: signal 17 (SIGCHLD) received from 32
2025/11/27 05:33:55 [notice] 1#1: worker process 30 exited with code 0
2025/11/27 05:33:55 [notice] 1#1: worker process 32 exited with code 0
2025/11/27 05:33:55 [notice] 1#1: exit
2025/11/29 14:35:46 [notice] 1#1: using the "epoll" event method
2025/11/29 14:35:46 [notice] 1#1: nginx/1.24.0
2025/11/29 14:35:46 [notice] 1#1: built by gcc 12.2.1 20220924 (Alpine 12.2.1_git20220924-r4) 
2025/11/29 14:35:46 [notice] 1#1: OS: Linux 3.10.0-1160.el7.x86_64
2025/11/29 14:35:46 [notice] 1#1: getrlimit(RLIMIT_NOFILE): 1048576:1048576
2025/11/29 14:35:46 [notice] 1#1: start worker processes
2025/11/29 14:35:46 [notice] 1#1: start worker process 29
2025/11/29 14:35:46 [notice] 1#1: start worker process 30
2025/11/29 14:35:46 [notice] 1#1: start worker process 31
2025/11/29 14:35:46 [notice] 1#1: start worker process 32
2025/11/29 14:36:13 [notice] 1#1: signal 3 (SIGQUIT) received, shutting down
2025/11/29 14:36:13 [notice] 29#29: gracefully shutting down
2025/11/29 14:36:13 [notice] 29#29: exiting
2025/11/29 14:36:13 [notice] 29#29: exit
2025/11/29 14:36:13 [notice] 30#30: gracefully shutting down
2025/11/29 14:36:13 [notice] 30#30: exiting
2025/11/29 14:36:13 [notice] 30#30: exit
2025/11/29 14:36:13 [notice] 31#31: gracefully shutting down
2025/11/29 14:36:13 [notice] 31#31: exiting
2025/11/29 14:36:13 [notice] 31#31: exit
2025/11/29 14:36:13 [notice] 32#32: gracefully shutting down
2025/11/29 14:36:13 [notice] 32#32: exiting
2025/11/29 14:36:13 [notice] 32#32: exit
2025/11/29 14:36:13 [notice] 1#1: signal 17 (SIGCHLD) received from 29
2025/11/29 14:36:13 [notice] 1#1: worker process 29 exited with code 0
2025/11/29 14:36:13 [notice] 1#1: worker process 32 exited with code 0
2025/11/29 14:36:13 [notice] 1#1: signal 29 (SIGIO) received
2025/11/29 14:36:13 [notice] 1#1: signal 17 (SIGCHLD) received from 31
2025/11/29 14:36:13 [notice] 1#1: worker process 31 exited with code 0
2025/11/29 14:36:13 [notice] 1#1: signal 29 (SIGIO) received
2025/11/29 14:36:13 [notice] 1#1: signal 17 (SIGCHLD) received from 30
2025/11/29 14:36:13 [notice] 1#1: worker process 30 exited with code 0
2025/11/29 14:36:13 [notice] 1#1: exit
